,Method,Feature,FeatureImportance_MDI,std
0,RandomForest_MDI,Airline__Air Wisconsin Airlines Corp,0.0017984938099955732,0.0004401422503642122
1,RandomForest_MDI,Airline__Alaska Airlines Inc.,0.0018393010725253067,0.0005267776478234225
2,RandomForest_MDI,Airline__Allegiant Air,0.0027945482801963644,0.0011014872391667953
3,RandomForest_MDI,Airline__American Airlines Inc.,0.007006458365275491,0.001342846635609895
4,RandomForest_MDI,Airline__Cape Air,1.0216472420381202e-06,8.605534694292274e-06
5,RandomForest_MDI,Airline__Capital Cargo International,0.001474776326464783,0.0005429417941243747
6,RandomForest_MDI,Airline__Comair Inc.,0.0026894212214590373,0.0008058102317166844
7,RandomForest_MDI,"Airline__Commutair Aka Champlain Enterprises, Inc.",0.0013365388102944448,0.0005195399117163753
8,RandomForest_MDI,Airline__Compass Airlines,0.0006931531176875337,0.0003027263193556144
9,RandomForest_MDI,Airline__Delta Air Lines Inc.,0.003632107025804404,0.0012461027639394313
10,RandomForest_MDI,Airline__Empire Airlines Inc.,0.00016586015004416572,0.00013166452553340082
11,RandomForest_MDI,Airline__Endeavor Air Inc.,0.002097319664301506,0.0006735513035284645
12,RandomForest_MDI,Airline__Envoy Air,0.003609874963729801,0.0009538875182998131
13,RandomForest_MDI,Airline__ExpressJet Airlines Inc.,0.002037380905371974,0.0006053515722220899
14,RandomForest_MDI,Airline__Frontier Airlines Inc.,0.0018970855722355762,0.0004898103783655448
15,RandomForest_MDI,"Airline__GoJet Airlines, LLC d/b/a United Express",0.0013533965586438666,0.0003468761582850897
16,RandomForest_MDI,Airline__Hawaiian Airlines Inc.,0.0003704516624565324,0.00020103314961028253
17,RandomForest_MDI,Airline__Horizon Air,0.0014802126204059287,0.00042612762023270796
18,RandomForest_MDI,Airline__JetBlue Airways,0.002981742655201294,0.0005207717093518256
19,RandomForest_MDI,Airline__Mesa Airlines Inc.,0.0029505923769962473,0.0006152617494869343
20,RandomForest_MDI,Airline__Peninsula Airways Inc.,0.0002899084408590078,0.0002164115819213893
21,RandomForest_MDI,Airline__Republic Airlines,0.0036851545279154452,0.0006132315660466629
22,RandomForest_MDI,Airline__SkyWest Airlines Inc.,0.006235290987171886,0.0011403075327008371
23,RandomForest_MDI,Airline__Southwest Airlines Co.,0.009162597140113434,0.002671077022933773
24,RandomForest_MDI,Airline__Spirit Air Lines,0.002733602113662295,0.0006389306464101099
25,RandomForest_MDI,Airline__Trans States Airlines,0.0009892181885277768,0.0003137982306674017
26,RandomForest_MDI,Airline__United Air Lines Inc.,0.005089532615594445,0.001204174173662732
27,RandomForest_MDI,Airline__Virgin America,8.869275036132143e-05,0.00010681255044779404
28,RandomForest_MDI,OriginStateName__Alabama,0.0007008173337708675,0.0003043034153938101
29,RandomForest_MDI,OriginStateName__Alaska,0.0002992718128835787,0.00016439678459014825
30,RandomForest_MDI,OriginStateName__Arizona,0.0020588230792286883,0.0005625470723241213
31,RandomForest_MDI,OriginStateName__Arkansas,0.0005207380180933021,0.0002233645233523123
32,RandomForest_MDI,OriginStateName__California,0.0039727038673627564,0.0008578314201434109
33,RandomForest_MDI,OriginStateName__Colorado,0.0030185161846546515,0.0006135166047639949
34,RandomForest_MDI,OriginStateName__Connecticut,0.0006582724476627625,0.00029944258363616145
35,RandomForest_MDI,OriginStateName__Delaware,1.355589304766081e-08,1.348794328118348e-07
36,RandomForest_MDI,OriginStateName__Florida,0.004170036052359848,0.0006413834816808715
37,RandomForest_MDI,OriginStateName__Georgia,0.002056930466242788,0.0006208793891925393
38,RandomForest_MDI,OriginStateName__Hawaii,0.0006307227983236381,0.00024513425771132633
39,RandomForest_MDI,OriginStateName__Idaho,0.0003268364913478989,0.00019572056503102157
40,RandomForest_MDI,OriginStateName__Illinois,0.0037972363398099413,0.0012247954967820299
41,RandomForest_MDI,OriginStateName__Indiana,0.001003262208806337,0.0003408853733042396
42,RandomForest_MDI,OriginStateName__Iowa,0.0006145802157963239,0.00025138161398987127
43,RandomForest_MDI,OriginStateName__Kansas,0.00038737910739490865,0.00022742965045558468
44,RandomForest_MDI,OriginStateName__Kentucky,0.0010782024813014311,0.0003265132152130276
45,RandomForest_MDI,OriginStateName__Louisiana,0.001332327933484167,0.00044496915108362703
46,RandomForest_MDI,OriginStateName__Maine,0.0004273181014270364,0.00022434283816224505
47,RandomForest_MDI,OriginStateName__Maryland,0.0014650298640975722,0.0004200623728244359
48,RandomForest_MDI,OriginStateName__Massachusetts,0.0017110169662024857,0.00041204252979833264
49,RandomForest_MDI,OriginStateName__Michigan,0.001712450763564263,0.0005253162842504694
50,RandomForest_MDI,OriginStateName__Minnesota,0.0013624335181506065,0.00042104090109644347
51,RandomForest_MDI,OriginStateName__Mississippi,0.0003054622746072133,0.00017373125793421616
52,RandomForest_MDI,OriginStateName__Missouri,0.0022694036433762894,0.0005414431510134462
53,RandomForest_MDI,OriginStateName__Montana,0.00034565135946013374,0.0001846904727921314
54,RandomForest_MDI,OriginStateName__Nebraska,0.0007097402905325421,0.0002745384476920228
55,RandomForest_MDI,OriginStateName__Nevada,0.00190993468918225,0.0005250721468605393
56,RandomForest_MDI,OriginStateName__New Hampshire,0.0002713507449714122,0.00014993972312698204
57,RandomForest_MDI,OriginStateName__New Jersey,0.0017040896780340677,0.0006847288531983399
58,RandomForest_MDI,OriginStateName__New Mexico,0.0005624430351680402,0.00024890559218095537
59,RandomForest_MDI,OriginStateName__New York,0.0033368983155715624,0.0007763111695883885
60,RandomForest_MDI,OriginStateName__North Carolina,0.0029412177581313623,0.0006061731748882976
61,RandomForest_MDI,OriginStateName__North Dakota,0.0003552363624927861,0.00018635145601936245
62,RandomForest_MDI,OriginStateName__Ohio,0.0016030629808418547,0.00041337386116590196
63,RandomForest_MDI,OriginStateName__Oklahoma,0.0008017006169073685,0.00031016724005869203
64,RandomForest_MDI,OriginStateName__Oregon,0.0010730798708074676,0.000379517947192052
65,RandomForest_MDI,OriginStateName__Pennsylvania,0.0023648663722635617,0.000501011752674027
66,RandomForest_MDI,OriginStateName__Puerto Rico,0.0003926657913825763,0.00021057797405936476
67,RandomForest_MDI,OriginStateName__Rhode Island,0.000393567310437006,0.00021880651467876498
68,RandomForest_MDI,OriginStateName__South Carolina,0.001125567214104728,0.0003925628858563431
69,RandomForest_MDI,OriginStateName__South Dakota,0.00046533555093441093,0.00022065912180275582
70,RandomForest_MDI,OriginStateName__Tennessee,0.0019702973222462017,0.00044500110441916243
71,RandomForest_MDI,OriginStateName__Texas,0.0050602990289517645,0.0009664853505410267
72,RandomForest_MDI,OriginStateName__U.S. Pacific Trust Territories and Possessions,1.9800580519770015e-05,5.269754743488804e-05
73,RandomForest_MDI,OriginStateName__U.S. Virgin Islands,0.00017019967821811123,0.00013647804993699276
74,RandomForest_MDI,OriginStateName__Utah,0.0010163827293628,0.00043154569384175513
75,RandomForest_MDI,OriginStateName__Vermont,0.000272964355739557,0.000213061890866818
76,RandomForest_MDI,OriginStateName__Virginia,0.0030823977214666834,0.0006467679374231358
77,RandomForest_MDI,OriginStateName__Washington,0.0015322908887454877,0.00046975468058008194
78,RandomForest_MDI,OriginStateName__West Virginia,0.00027050374617807545,0.00017053469114771191
79,RandomForest_MDI,OriginStateName__Wisconsin,0.0010495180986168885,0.0003903523387816193
80,RandomForest_MDI,OriginStateName__Wyoming,0.00027484747055306135,0.00020035607407617676
81,RandomForest_MDI,"OriginCityName__Aberdeen, SD",0.0001091680522841962,0.00010583032433704069
82,RandomForest_MDI,"OriginCityName__Abilene, TX",0.0001585603628302615,0.00013879861098702246
83,RandomForest_MDI,"OriginCityName__Adak Island, AK",9.245661932696421e-05,0.00010835399072058293
84,RandomForest_MDI,"OriginCityName__Aguadilla, PR",4.839618636835521e-05,7.920033164591265e-05
85,RandomForest_MDI,"OriginCityName__Akron, OH",0.00015014648773650072,0.00012671162405733535
86,RandomForest_MDI,"OriginCityName__Alamosa, CO",5.813995806165414e-09,3.9675850891846895e-08
87,RandomForest_MDI,"OriginCityName__Albany, GA",6.9810829929169e-06,1.7086765916135116e-05
88,RandomForest_MDI,"OriginCityName__Albany, NY",0.0004360349311664261,0.00019240709028956352
89,RandomForest_MDI,"OriginCityName__Albuquerque, NM",0.0004650494898110364,0.00022202544444996017
90,RandomForest_MDI,"OriginCityName__Alexandria, LA",7.366104277994162e-05,7.456920862012969e-05
91,RandomForest_MDI,"OriginCityName__Allentown/Bethlehem/Easton, PA",0.0002762854885950555,0.0001479872603237555
92,RandomForest_MDI,"OriginCityName__Alpena, MI",2.9004337934321103e-06,1.4631637750494129e-05
93,RandomForest_MDI,"OriginCityName__Amarillo, TX",0.0002983916940251621,0.0001515764787465955
94,RandomForest_MDI,"OriginCityName__Anchorage, AK",0.00024348421736974598,0.0001827824319645274
95,RandomForest_MDI,"OriginCityName__Appleton, WI",0.00018221972161274204,0.00012521453460356922
96,RandomForest_MDI,"OriginCityName__Arcata/Eureka, CA",0.00021249409010597095,0.00013528801994058535
97,RandomForest_MDI,"OriginCityName__Asheville, NC",0.0003284299263902332,0.00019729940742947244
98,RandomForest_MDI,"OriginCityName__Ashland, WV",5.443789854145952e-05,7.460494998839155e-05
99,RandomForest_MDI,"OriginCityName__Aspen, CO",0.00047437361834327024,0.00025028152191504394
100,RandomForest_MDI,"OriginCityName__Atlanta, GA",0.001840383115802914,0.0006485734920859183
101,RandomForest_MDI,"OriginCityName__Atlantic City, NJ",0.00010195799069440631,0.00010347695963231234
102,RandomForest_MDI,"OriginCityName__Augusta, GA",0.00013689671524856275,0.00011799312219205886
103,RandomForest_MDI,"OriginCityName__Austin, TX",0.0012964488129406455,0.00035359623147195626
104,RandomForest_MDI,"OriginCityName__Bakersfield, CA",8.405973973620576e-05,9.504082865740918e-05
105,RandomForest_MDI,"OriginCityName__Baltimore, MD",0.0014278782373494114,0.00043840716951662635
106,RandomForest_MDI,"OriginCityName__Bangor, ME",0.00016390357604547176,0.00013637618197819877
107,RandomForest_MDI,"OriginCityName__Barrow, AK",4.142643675852665e-05,8.818569143999822e-05
108,RandomForest_MDI,"OriginCityName__Baton Rouge, LA",0.00025956561913892157,0.00017886402932600269
109,RandomForest_MDI,"OriginCityName__Beaumont/Port Arthur, TX",0.00012855465133395505,0.00012015751554319077
110,RandomForest_MDI,"OriginCityName__Belleville, IL",0.00011608354240800884,0.00014721370793545496
111,RandomForest_MDI,"OriginCityName__Bellingham, WA",0.00012780668723533196,0.00012775563845843045
112,RandomForest_MDI,"OriginCityName__Bemidji, MN",3.736438796479953e-05,6.782514990519273e-05
113,RandomForest_MDI,"OriginCityName__Bend/Redmond, OR",0.0002479900294023915,0.00016618085841954826
114,RandomForest_MDI,"OriginCityName__Bethel, AK",3.985198214242744e-05,6.754129586853954e-05
115,RandomForest_MDI,"OriginCityName__Billings, MT",6.981296116477321e-05,7.833369985925448e-05
116,RandomForest_MDI,"OriginCityName__Binghamton, NY",3.958638522199629e-05,6.639924063512471e-05
117,RandomForest_MDI,"OriginCityName__Birmingham, AL",0.0004784944589937175,0.00021394897692533557
118,RandomForest_MDI,"OriginCityName__Bishop, CA",3.0052842399894242e-06,1.3577911817757702e-05
119,RandomForest_MDI,"OriginCityName__Bismarck/Mandan, ND",0.00013512027174784126,0.00011118673852901734
120,RandomForest_MDI,"OriginCityName__Bloomington/Normal, IL",3.2640172406432845e-05,5.462955075528418e-05
121,RandomForest_MDI,"OriginCityName__Boise, ID",0.00024224307812206603,0.000156789772358191
122,RandomForest_MDI,"OriginCityName__Boston, MA",0.0017314266358393025,0.0004995544897157983
123,RandomForest_MDI,"OriginCityName__Bozeman, MT",0.00018460743547684725,0.00013496048848226754
124,RandomForest_MDI,"OriginCityName__Brainerd, MN",3.855985214500545e-05,6.56893510323836e-05
125,RandomForest_MDI,"OriginCityName__Branson, MO",2.5732423912927316e-07,1.5876348914498913e-06
126,RandomForest_MDI,"OriginCityName__Bristol/Johnson City/Kingsport, TN",0.00012988830581441886,0.00011556170453979306
127,RandomForest_MDI,"OriginCityName__Brownsville, TX",0.00021602416694161664,0.00017477553763024916
128,RandomForest_MDI,"OriginCityName__Brunswick, GA",1.0740899616730478e-06,6.7351101830260965e-06
129,RandomForest_MDI,"OriginCityName__Buffalo, NY",0.0008130711112215513,0.00031330599372601954
130,RandomForest_MDI,"OriginCityName__Burbank, CA",0.0008269600620185456,0.0002749258242491965
131,RandomForest_MDI,"OriginCityName__Burlington, VT",0.0002553703404204617,0.00017833934238951923
132,RandomForest_MDI,"OriginCityName__Butte, MT",4.097443000387365e-05,6.599005059304421e-05
133,RandomForest_MDI,"OriginCityName__CONCORD, NC",2.2280229145434182e-06,9.869900381510612e-06
134,RandomForest_MDI,"OriginCityName__Cape Girardeau, MO",2.3962991265185348e-05,4.600568694960814e-05
135,RandomForest_MDI,"OriginCityName__Casper, WY",8.68057084963796e-05,8.656059851774555e-05
136,RandomForest_MDI,"OriginCityName__Cedar City, UT",1.1698420229390694e-06,9.643128918704578e-06
137,RandomForest_MDI,"OriginCityName__Cedar Rapids/Iowa City, IA",0.0004245306930189531,0.000209697965300398
138,RandomForest_MDI,"OriginCityName__Champaign/Urbana, IL",0.00012254606371582744,0.00013372138993705628
139,RandomForest_MDI,"OriginCityName__Charleston, SC",0.0008323132403706621,0.0002702364533780955
140,RandomForest_MDI,"OriginCityName__Charleston/Dunbar, WV",0.00017537723110502227,0.0001384425148445635
141,RandomForest_MDI,"OriginCityName__Charlotte Amalie, VI",0.00017203662626457463,0.0001295473547833014
142,RandomForest_MDI,"OriginCityName__Charlotte, NC",0.0023074735469162952,0.0005424220551984169
143,RandomForest_MDI,"OriginCityName__Charlottesville, VA",0.00041691879248577964,0.00018905605108041198
144,RandomForest_MDI,"OriginCityName__Chattanooga, TN",0.000145143313917938,0.00010056773317483634
145,RandomForest_MDI,"OriginCityName__Cheyenne, WY",3.762342063428094e-06,2.3838861412645412e-05
146,RandomForest_MDI,"OriginCityName__Chicago, IL",0.003621466705380387,0.001216646717595554
147,RandomForest_MDI,"OriginCityName__Christiansted, VI",4.748526809219151e-05,7.829726195762448e-05
148,RandomForest_MDI,"OriginCityName__Cincinnati, OH",0.000828279798022118,0.0003358667818073564
149,RandomForest_MDI,"OriginCityName__Clarksburg/Fairmont, WV",7.770578117837836e-05,0.00010120254379443416
150,RandomForest_MDI,"OriginCityName__Cleveland, OH",0.0010976843953907577,0.0003743052144170496
151,RandomForest_MDI,"OriginCityName__Cody, WY",6.979905206048576e-06,2.9010315430782373e-05
152,RandomForest_MDI,"OriginCityName__Cold Bay, AK",3.6640098325027226e-05,7.96057257461908e-05
153,RandomForest_MDI,"OriginCityName__College Station/Bryan, TX",0.0001281062894927596,0.00012023870164045481
154,RandomForest_MDI,"OriginCityName__Colorado Springs, CO",0.0002982521299962859,0.0001722642881981104
155,RandomForest_MDI,"OriginCityName__Columbia, MO",0.00026724740138600427,0.0001950934326312751
156,RandomForest_MDI,"OriginCityName__Columbia, SC",0.00014483759138087188,0.0001313048038580942
157,RandomForest_MDI,"OriginCityName__Columbus, GA",6.855976403246773e-06,3.119648579874087e-05
158,RandomForest_MDI,"OriginCityName__Columbus, MS",1.2020864841243603e-06,5.806791217653866e-06
159,RandomForest_MDI,"OriginCityName__Columbus, OH",0.0009851968490102408,0.0003613032695578054
160,RandomForest_MDI,"OriginCityName__Concord, NC",4.319698120512772e-05,8.123893193665167e-05
161,RandomForest_MDI,"OriginCityName__Cordova, AK",3.7400356241582594e-05,8.543430960530128e-05
162,RandomForest_MDI,"OriginCityName__Corpus Christi, TX",0.00017234189111898848,0.0001379848469659701
163,RandomForest_MDI,"OriginCityName__Dallas, TX",0.0015827656076113272,0.0004317818199841395
164,RandomForest_MDI,"OriginCityName__Dallas/Fort Worth, TX",0.002817545522569171,0.000701894503515788
165,RandomForest_MDI,"OriginCityName__Dayton, OH",0.00036275259110728984,0.00020641188069495266
166,RandomForest_MDI,"OriginCityName__Daytona Beach, FL",0.0001296368974750564,0.0001388778393856183
167,RandomForest_MDI,"OriginCityName__Deadhorse, AK",4.089899458179e-05,7.260077885365956e-05
168,RandomForest_MDI,"OriginCityName__Decatur, IL",1.4833575655232419e-06,8.045291332565177e-06
169,RandomForest_MDI,"OriginCityName__Del Rio, TX",4.3921419846098705e-05,7.115837136337177e-05
170,RandomForest_MDI,"OriginCityName__Denver, CO",0.00275029727532861,0.0006482305447957924
171,RandomForest_MDI,"OriginCityName__Des Moines, IA",0.0004015068235088618,0.0001961691348598211
172,RandomForest_MDI,"OriginCityName__Detroit, MI",0.001272876451681763,0.0004582857620887221
173,RandomForest_MDI,"OriginCityName__Devils Lake, ND",2.683628759502698e-05,5.525775905830869e-05
174,RandomForest_MDI,"OriginCityName__Dickinson, ND",7.948854727191031e-05,0.00011103316777802631
175,RandomForest_MDI,"OriginCityName__Dillingham, AK",6.415810170334521e-05,9.468156705249755e-05
176,RandomForest_MDI,"OriginCityName__Dodge City, KS",2.884245899989641e-05,4.271971644400947e-05
177,RandomForest_MDI,"OriginCityName__Dothan, AL",4.111535028170536e-06,1.9531125409593412e-05
178,RandomForest_MDI,"OriginCityName__Dubuque, IA",5.995410874427071e-06,1.7362667854989513e-05
179,RandomForest_MDI,"OriginCityName__Duluth, MN",0.00014645429858311368,0.00012818623566984588
180,RandomForest_MDI,"OriginCityName__Durango, CO",0.0001929783533379268,0.00013360632065145838
181,RandomForest_MDI,"OriginCityName__Eagle, CO",0.00024228424716281154,0.0001809788985948765
182,RandomForest_MDI,"OriginCityName__Eau Claire, WI",3.5560833481159726e-05,6.816368500136075e-05
183,RandomForest_MDI,"OriginCityName__El Paso, TX",0.0003630007395406859,0.00017889523101276321
184,RandomForest_MDI,"OriginCityName__Elko, NV",7.454683007105894e-05,9.993606778692925e-05
185,RandomForest_MDI,"OriginCityName__Elmira/Corning, NY",0.00011744765575793641,0.00012118433133952604
186,RandomForest_MDI,"OriginCityName__Erie, PA",8.933836986172311e-05,0.0001046253677951545
187,RandomForest_MDI,"OriginCityName__Escanaba, MI",6.2081557874589e-05,9.445896426748111e-05
188,RandomForest_MDI,"OriginCityName__Eugene, OR",0.00020732132171295085,0.00016141132812003
189,RandomForest_MDI,"OriginCityName__Evansville, IN",0.00018923878288256614,0.00015497077768552203
190,RandomForest_MDI,"OriginCityName__Everett, WA",6.116142063508466e-05,8.518810854040977e-05
191,RandomForest_MDI,"OriginCityName__Fairbanks, AK",9.393492363822355e-05,0.0001012122976193617
192,RandomForest_MDI,"OriginCityName__Fargo, ND",0.0002236865634461355,0.00017029820098804176
193,RandomForest_MDI,"OriginCityName__Fayetteville, AR",0.00031869033956958664,0.000168595166181845
194,RandomForest_MDI,"OriginCityName__Fayetteville, NC",0.00011996467494891699,0.00010543165745042501
195,RandomForest_MDI,"OriginCityName__Flagstaff, AZ",0.00011193401909362591,0.00010894772664120409
196,RandomForest_MDI,"OriginCityName__Flint, MI",0.00013168809025571106,0.00012301888234323284
197,RandomForest_MDI,"OriginCityName__Florence, SC",8.787765630884462e-05,0.00010570288114154148
198,RandomForest_MDI,"OriginCityName__Fort Dodge, IA",1.380054925916311e-07,1.0433457975156966e-06
199,RandomForest_MDI,"OriginCityName__Fort Lauderdale, FL",0.0014315390381695913,0.00040577969970828615
200,RandomForest_MDI,"OriginCityName__Fort Myers, FL",0.0008797331931137063,0.00033702705058540067
201,RandomForest_MDI,"OriginCityName__Fort Smith, AR",1.110906688127506e-05,3.0475559200550823e-05
202,RandomForest_MDI,"OriginCityName__Fort Wayne, IN",0.00022386739518232771,0.00017152927202270825
203,RandomForest_MDI,"OriginCityName__Fresno, CA",0.00016689174534635239,0.00012154675962738605
204,RandomForest_MDI,"OriginCityName__Gainesville, FL",0.00012030800659686825,0.000130408778221858
205,RandomForest_MDI,"OriginCityName__Garden City, KS",0.00010021885937210982,0.00010004261708658299
206,RandomForest_MDI,"OriginCityName__Gillette, WY",3.7026440918041465e-05,6.323540682772293e-05
207,RandomForest_MDI,"OriginCityName__Grand Forks, ND",1.3915616611975373e-05,3.726092254275321e-05
208,RandomForest_MDI,"OriginCityName__Grand Island, NE",3.271928171166245e-05,7.756331455520135e-05
209,RandomForest_MDI,"OriginCityName__Grand Junction, CO",0.00011269568059179636,9.929229559171793e-05
210,RandomForest_MDI,"OriginCityName__Grand Rapids, MI",0.000575264824536323,0.00029421295538198156
211,RandomForest_MDI,"OriginCityName__Great Falls, MT",0.00010609455703986094,0.0001026230812231054
212,RandomForest_MDI,"OriginCityName__Green Bay, WI",0.00013554761796979577,0.00012386159166895123
213,RandomForest_MDI,"OriginCityName__Greensboro/High Point, NC",0.0005506669894714963,0.0002118166478104998
214,RandomForest_MDI,"OriginCityName__Greenville, NC",3.429898743692169e-05,6.590561503516962e-05
215,RandomForest_MDI,"OriginCityName__Greer, SC",0.00042874932083495764,0.00023567784518426524
216,RandomForest_MDI,"OriginCityName__Guam, TT",8.453452739129552e-07,3.3415980870478458e-06
217,RandomForest_MDI,"OriginCityName__Gulfport/Biloxi, MS",0.00013746363749355986,0.00011200413440228609
218,RandomForest_MDI,"OriginCityName__Gunnison, CO",0.00022770675061939936,0.00016738455101700445
219,RandomForest_MDI,"OriginCityName__Gustavus, AK",1.7497820435384908e-06,9.524268492570595e-06
220,RandomForest_MDI,"OriginCityName__Hagerstown, MD",3.346964303522223e-06,1.4683189427640315e-05
221,RandomForest_MDI,"OriginCityName__Hancock/Houghton, MI",7.054867516466429e-05,8.277065859311683e-05
222,RandomForest_MDI,"OriginCityName__Harlingen/San Benito, TX",0.00016469237872758147,0.0001304804938543661
223,RandomForest_MDI,"OriginCityName__Harrisburg, PA",0.0004215202635381767,0.000204464623540262
224,RandomForest_MDI,"OriginCityName__Hartford, CT",0.0006315146847307909,0.0002674731414445351
225,RandomForest_MDI,"OriginCityName__Hattiesburg/Laurel, MS",1.9317420958088637e-05,4.6047284396310777e-05
226,RandomForest_MDI,"OriginCityName__Hayden, CO",3.5988507220307525e-05,6.208605553216472e-05
227,RandomForest_MDI,"OriginCityName__Hays, KS",2.951131732196075e-05,7.186658944568141e-05
228,RandomForest_MDI,"OriginCityName__Helena, MT",0.00011304119606375112,0.00011803149071108427
229,RandomForest_MDI,"OriginCityName__Hibbing, MN",4.1131166346374266e-05,7.364324168974389e-05
230,RandomForest_MDI,"OriginCityName__Hilo, HI",0.00011884227274508936,0.00011598972551757899
231,RandomForest_MDI,"OriginCityName__Hilton Head, SC",7.926948285440689e-05,9.761682995290268e-05
232,RandomForest_MDI,"OriginCityName__Hobbs, NM",1.3979114857464804e-06,6.217836984393822e-06
233,RandomForest_MDI,"OriginCityName__Honolulu, HI",0.000419230689735613,0.00019080646411086241
234,RandomForest_MDI,"OriginCityName__Hoolehua, HI",3.3692613660399916e-05,6.592002629607688e-05
235,RandomForest_MDI,"OriginCityName__Houston, TX",0.0029531204202186273,0.000655706712319399
236,RandomForest_MDI,"OriginCityName__Huntsville, AL",0.00035155124992354374,0.00022621077218437275
237,RandomForest_MDI,"OriginCityName__Hyannis, MA",1.3179305506538423e-07,1.1182755923561531e-06
238,RandomForest_MDI,"OriginCityName__Idaho Falls, ID",9.689769122170462e-06,2.0413910683575275e-05
239,RandomForest_MDI,"OriginCityName__Indianapolis, IN",0.0007975925479773912,0.0003092623373425911
240,RandomForest_MDI,"OriginCityName__International Falls, MN",1.0651850869060371e-07,4.3230618580135174e-07
241,RandomForest_MDI,"OriginCityName__Iron Mountain/Kingsfd, MI",2.1345539147488993e-06,8.942423486037428e-06
242,RandomForest_MDI,"OriginCityName__Islip, NY",0.00017330151572626524,0.00013918243485329352
243,RandomForest_MDI,"OriginCityName__Ithaca/Cortland, NY",0.00010454977336388544,0.00010658064752585833
244,RandomForest_MDI,"OriginCityName__Jackson, WY",0.0001696435697591849,0.00015449684850720865
245,RandomForest_MDI,"OriginCityName__Jackson/Vicksburg, MS",0.00018585710059511367,0.0001473650814140447
246,RandomForest_MDI,"OriginCityName__Jacksonville, FL",0.0009344616977571529,0.0002975738074730463
247,RandomForest_MDI,"OriginCityName__Jacksonville/Camp Lejeune, NC",0.00012322429974472124,0.000134881132540332
248,RandomForest_MDI,"OriginCityName__Jamestown, ND",0.0001310715950743169,0.00013122202571255154
249,RandomForest_MDI,"OriginCityName__Johnstown, PA",9.652978998287832e-08,5.230273405175531e-07
250,RandomForest_MDI,"OriginCityName__Joplin, MO",1.9474201766314026e-06,7.859633611207029e-06
251,RandomForest_MDI,"OriginCityName__Juneau, AK",0.00011184365323422999,0.00011948566752264159
252,RandomForest_MDI,"OriginCityName__Kahului, HI",0.00032448140578619306,0.00020204426826099116
253,RandomForest_MDI,"OriginCityName__Kalamazoo, MI",0.00010915725471327941,0.00011347850510906007
254,RandomForest_MDI,"OriginCityName__Kalispell, MT",0.00011261281741511187,0.00012285956279696044
255,RandomForest_MDI,"OriginCityName__Kansas City, MO",0.0012539099016820052,0.00035120718009695647
256,RandomForest_MDI,"OriginCityName__Kapalua, HI",0.00014100326579870174,0.00012216089946462622
257,RandomForest_MDI,"OriginCityName__Kearney, NE",1.6732548660035517e-06,9.134922840669851e-06
258,RandomForest_MDI,"OriginCityName__Ketchikan, AK",5.122164190879149e-05,7.877476313230696e-05
259,RandomForest_MDI,"OriginCityName__Key West, FL",0.00035417329244936176,0.00018574578280065315
260,RandomForest_MDI,"OriginCityName__Killeen, TX",8.673358674776334e-05,9.618284205826923e-05
261,RandomForest_MDI,"OriginCityName__King Salmon, AK",2.482797021899405e-05,5.834793464447805e-05
262,RandomForest_MDI,"OriginCityName__Knoxville, TN",0.0005403344352248565,0.0002629441153805854
263,RandomForest_MDI,"OriginCityName__Kodiak, AK",3.787078461815282e-05,5.909478937521003e-05
264,RandomForest_MDI,"OriginCityName__Kona, HI",0.0002720591636454195,0.0001625561193758626
265,RandomForest_MDI,"OriginCityName__Kotzebue, AK",3.655726920696689e-05,8.110210683340764e-05
266,RandomForest_MDI,"OriginCityName__La Crosse, WI",0.0001202827799135894,0.00011122359869808934
267,RandomForest_MDI,"OriginCityName__Lafayette, LA",0.00016880652610860638,0.0001320136548954225
268,RandomForest_MDI,"OriginCityName__Lake Charles, LA",6.15526785192167e-05,7.338322291463311e-05
269,RandomForest_MDI,"OriginCityName__Lanai, HI",0.00010106676613399576,0.0001089559176860875
270,RandomForest_MDI,"OriginCityName__Lansing, MI",0.00015093682119613527,0.00013247528030594283
271,RandomForest_MDI,"OriginCityName__Laramie, WY",0.0001011970098912839,0.00012854923083070225
272,RandomForest_MDI,"OriginCityName__Laredo, TX",0.00018110998343170886,0.00015758485537959138
273,RandomForest_MDI,"OriginCityName__Las Vegas, NV",0.0018370240386871239,0.000571350564276168
274,RandomForest_MDI,"OriginCityName__Latrobe, PA",4.463586594726764e-06,1.7624504504028397e-05
275,RandomForest_MDI,"OriginCityName__Lawton/Fort Sill, OK",0.00013953448953638308,0.00013285353138438587
276,RandomForest_MDI,"OriginCityName__Lewisburg, WV",9.822233354128374e-05,0.00011996459527353929
277,RandomForest_MDI,"OriginCityName__Lewiston, ID",5.278392522947232e-07,2.6148714069412603e-06
278,RandomForest_MDI,"OriginCityName__Lexington, KY",0.00031148504756589406,0.00020514710747623164
279,RandomForest_MDI,"OriginCityName__Liberal, KS",4.532417651187778e-06,1.5064861814532671e-05
280,RandomForest_MDI,"OriginCityName__Lihue, HI",0.00013044194814745754,0.00011038401071363639
281,RandomForest_MDI,"OriginCityName__Lincoln, NE",0.00025978498562392324,0.0002104479733119356
282,RandomForest_MDI,"OriginCityName__Little Rock, AR",0.00032915443264399356,0.00019354001912286702
283,RandomForest_MDI,"OriginCityName__Long Beach, CA",0.00032092325683755614,0.00016721103910898722
284,RandomForest_MDI,"OriginCityName__Longview, TX",4.345854726308491e-05,7.702656947628071e-05
285,RandomForest_MDI,"OriginCityName__Los Angeles, CA",0.0023380200771048972,0.000573511773643766
286,RandomForest_MDI,"OriginCityName__Louisville, KY",0.0005787042814576072,0.00022814262725000711
287,RandomForest_MDI,"OriginCityName__Lubbock, TX",0.00042702377701016813,0.00022735625780315823
288,RandomForest_MDI,"OriginCityName__Lynchburg, VA",8.912880846234395e-05,0.00010387364971274477
289,RandomForest_MDI,"OriginCityName__Madison, WI",0.00047213819676252753,0.00022882205970912818
290,RandomForest_MDI,"OriginCityName__Mammoth Lakes, CA",6.679314930399677e-05,9.289864492122561e-05
291,RandomForest_MDI,"OriginCityName__Manchester, NH",0.00021601188844522494,0.0001547775524836511
292,RandomForest_MDI,"OriginCityName__Manhattan/Ft. Riley, KS",0.00012269913460085315,0.00012768556115712966
293,RandomForest_MDI,"OriginCityName__Marquette, MI",4.2523947788865944e-05,7.260620616742494e-05
294,RandomForest_MDI,"OriginCityName__Martha's Vineyard, MA",2.9841406419258102e-05,5.708658441438162e-05
295,RandomForest_MDI,"OriginCityName__Mason City, IA",2.037224546237552e-07,1.323682409890289e-06
296,RandomForest_MDI,"OriginCityName__Medford, OR",0.0002377228590242424,0.0001696893129648948
297,RandomForest_MDI,"OriginCityName__Melbourne, FL",5.9003220070746346e-05,8.363595148970022e-05
298,RandomForest_MDI,"OriginCityName__Memphis, TN",0.0006257514652946458,0.00025788090834376467
299,RandomForest_MDI,"OriginCityName__Meridian, MS",4.352288235227522e-05,7.453465914234319e-05
300,RandomForest_MDI,"OriginCityName__Miami, FL",0.0014390914997737488,0.0003444543362110547
301,RandomForest_MDI,"OriginCityName__Midland/Odessa, TX",0.000330423383933833,0.00018228188835812183
302,RandomForest_MDI,"OriginCityName__Milwaukee, WI",0.000753315906420961,0.0003247128892604868
303,RandomForest_MDI,"OriginCityName__Minneapolis, MN",0.0011610721682743534,0.0003721556099893506
304,RandomForest_MDI,"OriginCityName__Minot, ND",4.598876404198752e-05,6.695888569974433e-05
305,RandomForest_MDI,"OriginCityName__Mission/McAllen/Edinburg, TX",0.0002830032759925621,0.00017452479137197217
306,RandomForest_MDI,"OriginCityName__Missoula, MT",8.446847341513418e-05,8.690794291976477e-05
307,RandomForest_MDI,"OriginCityName__Moab, UT",3.568446874249266e-05,6.274101646801504e-05
308,RandomForest_MDI,"OriginCityName__Mobile, AL",0.0002035489229576721,0.00014983189855587297
309,RandomForest_MDI,"OriginCityName__Moline, IL",0.0002943686235478865,0.00021553122388545142
310,RandomForest_MDI,"OriginCityName__Monroe, LA",0.00010991895647504744,0.00011509073091012467
311,RandomForest_MDI,"OriginCityName__Monterey, CA",0.00017171396120182385,0.00013986858360142144
312,RandomForest_MDI,"OriginCityName__Montgomery, AL",3.537673862558766e-05,5.760772316777055e-05
313,RandomForest_MDI,"OriginCityName__Montrose/Delta, CO",0.0002913585149727042,0.0001680138224283713
314,RandomForest_MDI,"OriginCityName__Mosinee, WI",1.5079323942631928e-05,3.116271541004029e-05
315,RandomForest_MDI,"OriginCityName__Muskegon, MI",5.6979516260854614e-05,8.21951177495669e-05
316,RandomForest_MDI,"OriginCityName__Myrtle Beach, SC",0.000485838381341148,0.0002671881592210415
317,RandomForest_MDI,"OriginCityName__Nantucket, MA",0.0002246959095214938,0.0001569685814454262
318,RandomForest_MDI,"OriginCityName__Nashville, TN",0.0013536400916854463,0.000422408165421387
319,RandomForest_MDI,"OriginCityName__New Bern/Morehead/Beaufort, NC",9.423703404089864e-05,0.00011147047123548369
320,RandomForest_MDI,"OriginCityName__New Haven, CT",3.266561435358969e-05,6.019856134593525e-05
321,RandomForest_MDI,"OriginCityName__New Orleans, LA",0.0012210055077598967,0.00044144742827808235
322,RandomForest_MDI,"OriginCityName__New York, NY",0.0028612376451592285,0.0007305833884418256
323,RandomForest_MDI,"OriginCityName__Newark, NJ",0.0017266580548966372,0.000655737579494027
324,RandomForest_MDI,"OriginCityName__Newburgh/Poughkeepsie, NY",0.00018517139011650646,0.00014008438577811478
325,RandomForest_MDI,"OriginCityName__Newport News/Williamsburg, VA",8.188790003113474e-05,8.595123619844481e-05
326,RandomForest_MDI,"OriginCityName__Niagara Falls, NY",1.384090966240042e-05,3.322102667153533e-05
327,RandomForest_MDI,"OriginCityName__Nome, AK",4.345136295557778e-06,2.0926495904828756e-05
328,RandomForest_MDI,"OriginCityName__Norfolk, VA",0.0007205244004494677,0.00026971153401539663
329,RandomForest_MDI,"OriginCityName__North Bend/Coos Bay, OR",5.5763959965040965e-05,7.927399899349434e-05
330,RandomForest_MDI,"OriginCityName__North Platte, NE",1.8901841355200713e-06,9.768599906726544e-06
331,RandomForest_MDI,"OriginCityName__Oakland, CA",0.0010582468192398815,0.00033611564419504193
332,RandomForest_MDI,"OriginCityName__Ogden, UT",0.0,0.0
333,RandomForest_MDI,"OriginCityName__Ogdensburg, NY",3.204553155022758e-06,1.3909725518287463e-05
334,RandomForest_MDI,"OriginCityName__Oklahoma City, OK",0.00046913646588454144,0.00020645799269715568
335,RandomForest_MDI,"OriginCityName__Omaha, NE",0.0005914138303014383,0.00025972710805307117
336,RandomForest_MDI,"OriginCityName__Ontario, CA",0.0005179699869809138,0.000207105634813206
337,RandomForest_MDI,"OriginCityName__Orlando, FL",0.002130181977998136,0.0005059477727567495
338,RandomForest_MDI,"OriginCityName__Owensboro, KY",9.422923500261751e-07,5.889778842986861e-06
339,RandomForest_MDI,"OriginCityName__Paducah, KY",5.8661381513964504e-05,8.988881854887598e-05
340,RandomForest_MDI,"OriginCityName__Pago Pago, TT",7.501627671018715e-10,7.464025290515012e-09
341,RandomForest_MDI,"OriginCityName__Palm Springs, CA",0.00032947721911706916,0.00019382751641377658
342,RandomForest_MDI,"OriginCityName__Panama City, FL",0.0001964819781167841,0.00013280864829175008
343,RandomForest_MDI,"OriginCityName__Pasco/Kennewick/Richland, WA",0.0002371496344754977,0.0001671181215218276
344,RandomForest_MDI,"OriginCityName__Pellston, MI",6.574889379140888e-05,8.804979341916137e-05
345,RandomForest_MDI,"OriginCityName__Pensacola, FL",0.00030393513316034546,0.00019001530818137495
346,RandomForest_MDI,"OriginCityName__Peoria, IL",0.0002866814618189277,0.00018962131495718322
347,RandomForest_MDI,"OriginCityName__Petersburg, AK",3.4188053064795436e-05,7.052726415529249e-05
348,RandomForest_MDI,"OriginCityName__Philadelphia, PA",0.0017324389208552124,0.00045511970756623795
349,RandomForest_MDI,"OriginCityName__Phoenix, AZ",0.0019385458355235283,0.0004443331584995647
350,RandomForest_MDI,"OriginCityName__Pierre, SD",2.1387170711470264e-06,9.840672031179028e-06
351,RandomForest_MDI,"OriginCityName__Pittsburgh, PA",0.0009101682861924702,0.00034223767721390687
352,RandomForest_MDI,"OriginCityName__Plattsburgh, NY",3.7783311398225396e-05,6.117837754315677e-05
353,RandomForest_MDI,"OriginCityName__Pocatello, ID",2.3683249166350928e-07,7.88235203646983e-07
354,RandomForest_MDI,"OriginCityName__Ponce, PR",4.151552756121185e-05,8.647241844377199e-05
355,RandomForest_MDI,"OriginCityName__Portland, ME",0.00037091787325272963,0.00020280782277587735
356,RandomForest_MDI,"OriginCityName__Portland, OR",0.0008392131300647273,0.00029175519901560726
357,RandomForest_MDI,"OriginCityName__Portsmouth, NH",4.263071357858269e-07,2.4574219750715956e-06
358,RandomForest_MDI,"OriginCityName__Prescott, AZ",1.6770491582538988e-06,6.3943329991087504e-06
359,RandomForest_MDI,"OriginCityName__Presque Isle/Houlton, ME",7.649180378688603e-05,0.00010222380238417043
360,RandomForest_MDI,"OriginCityName__Providence, RI",0.00038668447056857774,0.000208621305356031
361,RandomForest_MDI,"OriginCityName__Provo, UT",7.484126083299672e-05,9.042680281675991e-05
362,RandomForest_MDI,"OriginCityName__Pueblo, CO",6.270047019549478e-05,9.686785833082431e-05
363,RandomForest_MDI,"OriginCityName__Pullman, WA",8.009009144523657e-05,7.96397390106801e-05
364,RandomForest_MDI,"OriginCityName__Punta Gorda, FL",0.0001301607201344206,0.0001403842392153073
365,RandomForest_MDI,"OriginCityName__Quincy, IL",0.0001240097754362359,0.00014026647090159363
366,RandomForest_MDI,"OriginCityName__Raleigh/Durham, NC",0.0011343190014843445,0.0003639619526956454
367,RandomForest_MDI,"OriginCityName__Rapid City, SD",0.0002541284097139055,0.00014563787135278984
368,RandomForest_MDI,"OriginCityName__Redding, CA",4.020115167440553e-05,6.158006600230292e-05
369,RandomForest_MDI,"OriginCityName__Reno, NV",0.0004896475330307079,0.00022335377124246372
370,RandomForest_MDI,"OriginCityName__Rhinelander, WI",2.705805702334014e-06,2.0014596433868957e-05
371,RandomForest_MDI,"OriginCityName__Richmond, VA",0.0006992455296349309,0.0002821967244786423
372,RandomForest_MDI,"OriginCityName__Riverton/Lander, WY",2.537870461611464e-05,5.892188876521856e-05
373,RandomForest_MDI,"OriginCityName__Roanoke, VA",0.0002900645617806802,0.00017416548234056443
374,RandomForest_MDI,"OriginCityName__Rochester, MN",0.000223764551135837,0.00015035688994660863
375,RandomForest_MDI,"OriginCityName__Rochester, NY",0.0005117428900143322,0.00024385746990146617
376,RandomForest_MDI,"OriginCityName__Rock Springs, WY",0.00017593890177960124,0.000126728917615487
377,RandomForest_MDI,"OriginCityName__Rockford, IL",5.720537540864623e-05,7.140978764778412e-05
378,RandomForest_MDI,"OriginCityName__Roswell, NM",0.00017579840974175177,0.00016088297758378678
379,RandomForest_MDI,"OriginCityName__Rota, TT",4.864978450474903e-09,4.8405924400169684e-08
380,RandomForest_MDI,"OriginCityName__Sacramento, CA",0.0008775087938343607,0.00028697023166264274
381,RandomForest_MDI,"OriginCityName__Saginaw/Bay City/Midland, MI",8.063698806795877e-05,0.00010261189543084422
382,RandomForest_MDI,"OriginCityName__Saipan, TT",1.7390067540246238e-05,4.465296893277921e-05
383,RandomForest_MDI,"OriginCityName__Salina, KS",6.105215593791911e-05,8.838000128893595e-05
384,RandomForest_MDI,"OriginCityName__Salisbury, MD",7.847052544904486e-05,9.051254404522291e-05
385,RandomForest_MDI,"OriginCityName__Salt Lake City, UT",0.0009196140596546541,0.00038001575474309136
386,RandomForest_MDI,"OriginCityName__San Angelo, TX",0.0001535242968517579,0.0001311477791875881
387,RandomForest_MDI,"OriginCityName__San Antonio, TX",0.0009018773887107346,0.0002838703340840207
388,RandomForest_MDI,"OriginCityName__San Diego, CA",0.001571566769977516,0.0004725057760527055
389,RandomForest_MDI,"OriginCityName__San Francisco, CA",0.0021731855943330314,0.00044754503528160076
390,RandomForest_MDI,"OriginCityName__San Jose, CA",0.0012392797308425304,0.0003642463722156521
391,RandomForest_MDI,"OriginCityName__San Juan, PR",0.0004280158907098303,0.00022872644077632232
392,RandomForest_MDI,"OriginCityName__San Luis Obispo, CA",8.661471335343368e-05,8.046819279520957e-05
393,RandomForest_MDI,"OriginCityName__Sanford, FL",0.0003424965673074572,0.0002135684957537982
394,RandomForest_MDI,"OriginCityName__Santa Ana, CA",0.0008653581694905315,0.00029918115830233395
395,RandomForest_MDI,"OriginCityName__Santa Barbara, CA",0.00024443622743702364,0.00017127763161697992
396,RandomForest_MDI,"OriginCityName__Santa Fe, NM",0.000184177253430527,0.00014644741680062365
397,RandomForest_MDI,"OriginCityName__Santa Maria, CA",1.1392765299144342e-07,7.72146204872224e-07
398,RandomForest_MDI,"OriginCityName__Santa Rosa, CA",0.00017654786967857144,0.00013399212039009336
399,RandomForest_MDI,"OriginCityName__Sarasota/Bradenton, FL",0.0003198650353336441,0.00020154764357650874
400,RandomForest_MDI,"OriginCityName__Sault Ste. Marie, MI",2.1034186097204207e-06,1.0282984555975519e-05
401,RandomForest_MDI,"OriginCityName__Savannah, GA",0.0005049509791998583,0.00026758509467007926
402,RandomForest_MDI,"OriginCityName__Scottsbluff, NE",1.97991027585045e-06,7.480692505331858e-06
403,RandomForest_MDI,"OriginCityName__Scranton/Wilkes-Barre, PA",0.00019177824267975076,0.00013811158219923306
404,RandomForest_MDI,"OriginCityName__Seattle, WA",0.0014149455977586671,0.0004599836630408209
405,RandomForest_MDI,"OriginCityName__Sheridan, WY",5.961891678449276e-05,9.59682146295881e-05
406,RandomForest_MDI,"OriginCityName__Shreveport, LA",0.00018957004109701955,0.00015656305155597745
407,RandomForest_MDI,"OriginCityName__Sioux City, IA",6.121475408144292e-05,7.952703182009875e-05
408,RandomForest_MDI,"OriginCityName__Sioux Falls, SD",0.00030360980758402877,0.00016604308964042122
409,RandomForest_MDI,"OriginCityName__Sitka, AK",6.33473161093774e-05,8.527131158128953e-05
410,RandomForest_MDI,"OriginCityName__South Bend, IN",0.0002548372733164916,0.00018079233047977932
411,RandomForest_MDI,"OriginCityName__Spokane, WA",0.00039710326726588797,0.00020959848287546164
412,RandomForest_MDI,"OriginCityName__Springfield, IL",9.451545311394427e-05,9.88592488500961e-05
413,RandomForest_MDI,"OriginCityName__Springfield, MO",0.0004666792686995689,0.00024324931567065733
414,RandomForest_MDI,"OriginCityName__St. Cloud, MN",6.320840083218334e-05,8.528244859438683e-05
415,RandomForest_MDI,"OriginCityName__St. George, UT",7.382772918666119e-05,9.364763795401907e-05
416,RandomForest_MDI,"OriginCityName__St. Louis, MO",0.0013230883106061042,0.00043765038845454597
417,RandomForest_MDI,"OriginCityName__St. Petersburg, FL",0.0003098538533204947,0.0002101696582240739
418,RandomForest_MDI,"OriginCityName__State College, PA",0.00022413943206991673,0.0001494289017899746
419,RandomForest_MDI,"OriginCityName__Staunton, VA",2.036590904706877e-06,1.2892200544186458e-05
420,RandomForest_MDI,"OriginCityName__Stillwater, OK",2.5797791681468453e-05,5.012999284903852e-05
421,RandomForest_MDI,"OriginCityName__Stockton, CA",1.5026652873270474e-05,3.146572568665448e-05
422,RandomForest_MDI,"OriginCityName__Sun Valley/Hailey/Ketchum, ID",0.0002331129701443484,0.0001584145177564617
423,RandomForest_MDI,"OriginCityName__Syracuse, NY",0.00033419340719291983,0.00019074061790489078
424,RandomForest_MDI,"OriginCityName__Tallahassee, FL",0.00013064328700001441,0.00011993153375491651
425,RandomForest_MDI,"OriginCityName__Tampa, FL",0.0016615216163046803,0.00035408919710406406
426,RandomForest_MDI,"OriginCityName__Texarkana, AR",1.6781992033642975e-06,4.360302766436622e-06
427,RandomForest_MDI,"OriginCityName__Toledo, OH",0.00015237232744266615,0.00012389001891677432
428,RandomForest_MDI,"OriginCityName__Traverse City, MI",0.00016965428252409305,0.00014132082337429475
429,RandomForest_MDI,"OriginCityName__Trenton, NJ",7.884973399779366e-05,8.601462828286712e-05
430,RandomForest_MDI,"OriginCityName__Tucson, AZ",0.000407358898844743,0.0002202883046941427
431,RandomForest_MDI,"OriginCityName__Tulsa, OK",0.0005923275701569379,0.0002716524192959708
432,RandomForest_MDI,"OriginCityName__Twin Falls, ID",8.393477722590489e-05,0.00011175275074775161
433,RandomForest_MDI,"OriginCityName__Tyler, TX",0.00017431092945819352,0.00015104862480042037
434,RandomForest_MDI,"OriginCityName__Unalaska, AK",0.00014688497331211877,0.00016928035928204095
435,RandomForest_MDI,"OriginCityName__Valdosta, GA",3.450590068428595e-05,6.248244129125579e-05
436,RandomForest_MDI,"OriginCityName__Valparaiso, FL",0.00045580389200862236,0.00021913387379641063
437,RandomForest_MDI,"OriginCityName__Vernal, UT",0.00010626499136845713,0.00011121981937054564
438,RandomForest_MDI,"OriginCityName__Victoria, TX",5.8797657329373326e-05,8.66982447486924e-05
439,RandomForest_MDI,"OriginCityName__Waco, TX",0.00017314665552466152,0.00014914302604803674
440,RandomForest_MDI,"OriginCityName__Walla Walla, WA",5.591570869300494e-05,7.914365624366296e-05
441,RandomForest_MDI,"OriginCityName__Washington, DC",0.002561153309776566,0.000625064474186723
442,RandomForest_MDI,"OriginCityName__Waterloo, IA",2.5786996954382987e-05,5.0450068172301666e-05
443,RandomForest_MDI,"OriginCityName__Watertown, NY",4.423128964217919e-06,2.1555048191272292e-05
444,RandomForest_MDI,"OriginCityName__Watertown, SD",9.062362308640435e-06,2.1084186025920935e-05
445,RandomForest_MDI,"OriginCityName__Wenatchee, WA",6.03275397461258e-05,7.893618799941129e-05
446,RandomForest_MDI,"OriginCityName__West Palm Beach/Palm Beach, FL",0.0006138258137785058,0.00025719931896676994
447,RandomForest_MDI,"OriginCityName__West Yellowstone, MT",2.4387341146560716e-08,1.4498425761069662e-07
448,RandomForest_MDI,"OriginCityName__White Plains, NY",0.00019519019233336536,0.00014409496660545347
449,RandomForest_MDI,"OriginCityName__Wichita Falls, TX",2.378427287232393e-05,6.074434989220457e-05
450,RandomForest_MDI,"OriginCityName__Wichita, KS",0.0003351316396978686,0.00018712874000229105
451,RandomForest_MDI,"OriginCityName__Williamsport, PA",2.1453947191489535e-06,1.1488753231821045e-05
452,RandomForest_MDI,"OriginCityName__Williston, ND",9.658267313059043e-05,9.36950471991846e-05
453,RandomForest_MDI,"OriginCityName__Wilmington, DE",3.08427965288123e-07,3.051412327257065e-06
454,RandomForest_MDI,"OriginCityName__Wilmington, NC",0.00032733152963480166,0.00021043107696531974
455,RandomForest_MDI,"OriginCityName__Worcester, MA",0.00012953615610471135,0.00010645765025101048
456,RandomForest_MDI,"OriginCityName__Wrangell, AK",2.8809652277988233e-05,5.4462525312610415e-05
457,RandomForest_MDI,"OriginCityName__Yakima, WA",0.00011695323054871128,0.00011331601951947391
458,RandomForest_MDI,"OriginCityName__Yakutat, AK",0.00011936710925344315,0.0001431412802500434
459,RandomForest_MDI,"OriginCityName__Yuma, AZ",1.6331384519553524e-05,3.756182000263222e-05
460,RandomForest_MDI,"DestCityName__Aberdeen, SD",1.3434767320880508e-06,5.664663591396207e-06
461,RandomForest_MDI,"DestCityName__Abilene, TX",0.0001353528813422261,0.00010718631988507452
462,RandomForest_MDI,"DestCityName__Adak Island, AK",9.253155047667192e-05,0.00011102353332088195
463,RandomForest_MDI,"DestCityName__Aguadilla, PR",5.161906065371143e-05,6.748318101887437e-05
464,RandomForest_MDI,"DestCityName__Akron, OH",0.0003894324647620499,0.00019836750632695583
465,RandomForest_MDI,"DestCityName__Alamosa, CO",3.749289418455162e-07,2.6796961988460914e-06
466,RandomForest_MDI,"DestCityName__Albany, GA",2.9361964684723534e-05,5.865260433567189e-05
467,RandomForest_MDI,"DestCityName__Albany, NY",0.0005271535793683289,0.00024622593081259284
468,RandomForest_MDI,"DestCityName__Albuquerque, NM",0.0005926348679844484,0.0002669060962851795
469,RandomForest_MDI,"DestCityName__Alexandria, LA",5.046221659680263e-05,7.425670662360212e-05
470,RandomForest_MDI,"DestCityName__Allentown/Bethlehem/Easton, PA",0.0003198561456641301,0.0001976038140831676
471,RandomForest_MDI,"DestCityName__Alpena, MI",3.505352421583364e-05,6.931657904077373e-05
472,RandomForest_MDI,"DestCityName__Amarillo, TX",0.00024336583992265885,0.00017506294965691197
473,RandomForest_MDI,"DestCityName__Anchorage, AK",0.00022703309936290386,0.00014625608220222446
474,RandomForest_MDI,"DestCityName__Appleton, WI",0.00014165978574821943,0.00012201357539949727
475,RandomForest_MDI,"DestCityName__Arcata/Eureka, CA",0.000142484324134412,0.00012385540411408174
476,RandomForest_MDI,"DestCityName__Asheville, NC",0.0003412888614914275,0.00018160972887460816
477,RandomForest_MDI,"DestCityName__Ashland, WV",4.494055457138935e-05,6.77003816564637e-05
478,RandomForest_MDI,"DestCityName__Aspen, CO",0.00041971307133340793,0.00020319270500534457
479,RandomForest_MDI,"DestCityName__Atlanta, GA",0.0015435926295701737,0.0007031090081133926
480,RandomForest_MDI,"DestCityName__Atlantic City, NJ",6.146773137594003e-05,6.856382629100639e-05
481,RandomForest_MDI,"DestCityName__Augusta, GA",8.85662337258019e-05,9.701335063430675e-05
482,RandomForest_MDI,"DestCityName__Austin, TX",0.0011943343127670577,0.0003474133412487456
483,RandomForest_MDI,"DestCityName__Bakersfield, CA",3.054239353751374e-05,4.967341742549428e-05
484,RandomForest_MDI,"DestCityName__Baltimore, MD",0.0014005737208752894,0.0004488447496037649
485,RandomForest_MDI,"DestCityName__Bangor, ME",0.00016814426879709112,0.0001364916102086739
486,RandomForest_MDI,"DestCityName__Barrow, AK",2.9875755799066713e-06,1.1347642157955972e-05
487,RandomForest_MDI,"DestCityName__Baton Rouge, LA",0.00022536554807899914,0.00013680638529998764
488,RandomForest_MDI,"DestCityName__Beaumont/Port Arthur, TX",2.3676329083379534e-06,9.147507338633563e-06
489,RandomForest_MDI,"DestCityName__Belleville, IL",5.745019254242035e-05,8.152185850539075e-05
490,RandomForest_MDI,"DestCityName__Bellingham, WA",0.00022433498155683968,0.00017928488785922962
491,RandomForest_MDI,"DestCityName__Bemidji, MN",5.8353455855304725e-06,2.0499320785696832e-05
492,RandomForest_MDI,"DestCityName__Bend/Redmond, OR",0.0002579702899403877,0.00018790183571554424
493,RandomForest_MDI,"DestCityName__Bethel, AK",4.690295918301258e-06,2.145557108559508e-05
494,RandomForest_MDI,"DestCityName__Billings, MT",9.335748734925211e-05,0.00010309458994317892
495,RandomForest_MDI,"DestCityName__Binghamton, NY",9.528993953883634e-05,0.00011183791607226933
496,RandomForest_MDI,"DestCityName__Birmingham, AL",0.0004506902089273387,0.00019063597126166878
497,RandomForest_MDI,"DestCityName__Bismarck/Mandan, ND",0.00019029231180200834,0.00014804412834989775
498,RandomForest_MDI,"DestCityName__Bloomington/Normal, IL",8.171588804547804e-05,0.00010024340019478879
499,RandomForest_MDI,"DestCityName__Boise, ID",0.0002459825187064443,0.0001653363986224098
500,RandomForest_MDI,"DestCityName__Boston, MA",0.0015602037356743485,0.00042799612353217596
501,RandomForest_MDI,"DestCityName__Bozeman, MT",0.0001488110342347994,0.00014010152530970085
502,RandomForest_MDI,"DestCityName__Brainerd, MN",2.5077840454014665e-06,1.52836610555484e-05
503,RandomForest_MDI,"DestCityName__Branson, MO",2.3339748221966421e-07,1.417599693165455e-06
504,RandomForest_MDI,"DestCityName__Bristol/Johnson City/Kingsport, TN",6.806959717370047e-05,9.539578518184756e-05
505,RandomForest_MDI,"DestCityName__Brownsville, TX",7.876933688902975e-05,7.651071785804469e-05
506,RandomForest_MDI,"DestCityName__Brunswick, GA",6.153756327312655e-05,8.30783195449291e-05
507,RandomForest_MDI,"DestCityName__Buffalo, NY",0.0007721781934066182,0.00028616234919552424
508,RandomForest_MDI,"DestCityName__Burbank, CA",0.0009035402303212258,0.0002937206099982323
509,RandomForest_MDI,"DestCityName__Burlington, VT",0.00024398187036864813,0.00015787909618487401
510,RandomForest_MDI,"DestCityName__Butte, MT",3.500316358502225e-05,6.013269827289317e-05
511,RandomForest_MDI,"DestCityName__CONCORD, NC",2.5025085338115067e-07,1.5827055765927117e-06
512,RandomForest_MDI,"DestCityName__Cape Girardeau, MO",1.677214187677566e-06,8.459921640053375e-06
513,RandomForest_MDI,"DestCityName__Casper, WY",9.64092296872538e-05,0.00010638020734162729
514,RandomForest_MDI,"DestCityName__Cedar City, UT",2.945401056526957e-05,5.354810978616016e-05
515,RandomForest_MDI,"DestCityName__Cedar Rapids/Iowa City, IA",0.00041820498240043616,0.00022273736360298846
516,RandomForest_MDI,"DestCityName__Champaign/Urbana, IL",0.00012932190114914714,0.0001271244045109897
517,RandomForest_MDI,"DestCityName__Charleston, SC",0.0005988062187954892,0.0002843912478112126
518,RandomForest_MDI,"DestCityName__Charleston/Dunbar, WV",0.0002022685304133686,0.00014378795959873076
519,RandomForest_MDI,"DestCityName__Charlotte Amalie, VI",3.056349917816908e-05,5.3681216174945725e-05
520,RandomForest_MDI,"DestCityName__Charlotte, NC",0.0022936406504561876,0.0006318756075626416
521,RandomForest_MDI,"DestCityName__Charlottesville, VA",0.00024289777067413752,0.00013427084572661355
522,RandomForest_MDI,"DestCityName__Chattanooga, TN",0.00023442633197100736,0.00014890986752681684
523,RandomForest_MDI,"DestCityName__Cheyenne, WY",5.774675125169951e-05,7.834497281094341e-05
524,RandomForest_MDI,"DestCityName__Chicago, IL",0.0032938744085819643,0.0012253181059914697
525,RandomForest_MDI,"DestCityName__Christiansted, VI",1.0804904480325586e-06,7.828534030501446e-06
526,RandomForest_MDI,"DestCityName__Cincinnati, OH",0.0008955552976260458,0.00032267583015577173
527,RandomForest_MDI,"DestCityName__Clarksburg/Fairmont, WV",8.588716528448828e-06,2.1741477952991537e-05
528,RandomForest_MDI,"DestCityName__Cleveland, OH",0.0008998885476730262,0.000327278224919132
529,RandomForest_MDI,"DestCityName__Cody, WY",3.6682325939025314e-05,6.41277346910319e-05
530,RandomForest_MDI,"DestCityName__Cold Bay, AK",5.62605306855204e-05,8.50035381599191e-05
531,RandomForest_MDI,"DestCityName__College Station/Bryan, TX",5.945847175701062e-05,8.560459988070742e-05
532,RandomForest_MDI,"DestCityName__Colorado Springs, CO",0.00041805687149581197,0.00021167911112863737
533,RandomForest_MDI,"DestCityName__Columbia, MO",0.00018864616213249723,0.00013954646652629892
534,RandomForest_MDI,"DestCityName__Columbia, SC",0.0002602485632124699,0.00013341578235295814
535,RandomForest_MDI,"DestCityName__Columbus, GA",6.073647487936277e-07,2.8745890559402936e-06
536,RandomForest_MDI,"DestCityName__Columbus, MS",4.697367162369501e-06,1.6236307289605564e-05
537,RandomForest_MDI,"DestCityName__Columbus, OH",0.0009097841216194674,0.0003007874411586749
538,RandomForest_MDI,"DestCityName__Concord, NC",3.293983090221305e-05,6.536172940495569e-05
539,RandomForest_MDI,"DestCityName__Cordova, AK",4.392223025177407e-05,7.22827926629543e-05
540,RandomForest_MDI,"DestCityName__Corpus Christi, TX",0.00012546796662071894,0.0001134793973927229
541,RandomForest_MDI,"DestCityName__Dallas, TX",0.0015913736873117237,0.00043549723034746465
542,RandomForest_MDI,"DestCityName__Dallas/Fort Worth, TX",0.0028973353635131697,0.0009414815552010562
543,RandomForest_MDI,"DestCityName__Dayton, OH",0.00040908986247527757,0.0002338951849032387
544,RandomForest_MDI,"DestCityName__Daytona Beach, FL",0.00018507764036248777,0.00015588898233448933
545,RandomForest_MDI,"DestCityName__Deadhorse, AK",2.0823316160121494e-05,4.6351877307206615e-05
546,RandomForest_MDI,"DestCityName__Decatur, IL",9.868211609302766e-05,0.00010067421179957226
547,RandomForest_MDI,"DestCityName__Del Rio, TX",2.9521648314096995e-05,5.8465243611774935e-05
548,RandomForest_MDI,"DestCityName__Denver, CO",0.0028743111264484065,0.0005865048983388694
549,RandomForest_MDI,"DestCityName__Des Moines, IA",0.0006128582082903381,0.0002788707230122786
550,RandomForest_MDI,"DestCityName__Detroit, MI",0.0011825146222644999,0.0004205914332508731
551,RandomForest_MDI,"DestCityName__Devils Lake, ND",0.00010539163446867567,0.00012409261589844904
552,RandomForest_MDI,"DestCityName__Dickinson, ND",3.654413844844949e-05,6.633574414427245e-05
553,RandomForest_MDI,"DestCityName__Dillingham, AK",3.134414617507681e-05,6.187018662570408e-05
554,RandomForest_MDI,"DestCityName__Dodge City, KS",2.68621308420674e-06,9.852647131715097e-06
555,RandomForest_MDI,"DestCityName__Dothan, AL",7.813647934091906e-05,9.290153492731392e-05
556,RandomForest_MDI,"DestCityName__Dubuque, IA",4.805560882448433e-05,6.054157732833392e-05
557,RandomForest_MDI,"DestCityName__Duluth, MN",0.00013204540355448406,0.00011950892143106625
558,RandomForest_MDI,"DestCityName__Durango, CO",0.00018555092585988657,0.00014252751506638105
559,RandomForest_MDI,"DestCityName__Eagle, CO",0.00034170284996840234,0.00021035485692171658
560,RandomForest_MDI,"DestCityName__Eau Claire, WI",3.4428707679635445e-06,1.22918677323401e-05
561,RandomForest_MDI,"DestCityName__El Paso, TX",0.00033429246967864914,0.00019480297908312306
562,RandomForest_MDI,"DestCityName__Elko, NV",1.5175362816602938e-06,8.600206690893807e-06
563,RandomForest_MDI,"DestCityName__Elmira/Corning, NY",2.4182080119870563e-05,4.748696446111257e-05
564,RandomForest_MDI,"DestCityName__Erie, PA",0.00019623919812098835,0.0001443492770361082
565,RandomForest_MDI,"DestCityName__Escanaba, MI",2.958366580034081e-06,1.5992644924826903e-05
566,RandomForest_MDI,"DestCityName__Eugene, OR",0.00015628922774244314,0.00014347364209321443
567,RandomForest_MDI,"DestCityName__Evansville, IN",0.00018709170066241908,0.00013945685423586262
568,RandomForest_MDI,"DestCityName__Everett, WA",0.00016886316246608003,0.000143295160324775
569,RandomForest_MDI,"DestCityName__Fairbanks, AK",5.8804511994513275e-05,7.417045274009771e-05
570,RandomForest_MDI,"DestCityName__Fargo, ND",0.000298171429167171,0.00020508912560128796
571,RandomForest_MDI,"DestCityName__Fayetteville, AR",0.0003826903100630574,0.00021802192461625703
572,RandomForest_MDI,"DestCityName__Fayetteville, NC",0.00017794990353561853,0.00012410990669834478
573,RandomForest_MDI,"DestCityName__Flagstaff, AZ",0.00024285947419283205,0.0001624164775406689
574,RandomForest_MDI,"DestCityName__Flint, MI",0.0002566473105737306,0.00020358180652852413
575,RandomForest_MDI,"DestCityName__Florence, SC",5.552919373103886e-05,7.147002430151469e-05
576,RandomForest_MDI,"DestCityName__Fort Dodge, IA",1.2916951763822468e-06,7.900741179979252e-06
577,RandomForest_MDI,"DestCityName__Fort Lauderdale, FL",0.0014881817013148906,0.0003880435006225391
578,RandomForest_MDI,"DestCityName__Fort Myers, FL",0.0007559466405848938,0.000294604946292572
579,RandomForest_MDI,"DestCityName__Fort Smith, AR",0.0001558243407023641,0.0001494490114977213
580,RandomForest_MDI,"DestCityName__Fort Wayne, IN",0.00010949048184800923,0.0001116613812925902
581,RandomForest_MDI,"DestCityName__Fresno, CA",0.00017221526931319097,0.000141994541901332
582,RandomForest_MDI,"DestCityName__Gainesville, FL",0.0001052507085077383,9.906011870970045e-05
583,RandomForest_MDI,"DestCityName__Garden City, KS",8.567151152208246e-05,9.51868686080441e-05
584,RandomForest_MDI,"DestCityName__Gillette, WY",5.416861847701282e-05,8.37253495584208e-05
585,RandomForest_MDI,"DestCityName__Grand Forks, ND",3.2285378196013325e-05,5.7847512177805874e-05
586,RandomForest_MDI,"DestCityName__Grand Island, NE",5.5932382963542116e-05,7.65557129243178e-05
587,RandomForest_MDI,"DestCityName__Grand Junction, CO",8.481438617423084e-05,8.937498087284685e-05
588,RandomForest_MDI,"DestCityName__Grand Rapids, MI",0.0004218630495866793,0.00020728204619197455
589,RandomForest_MDI,"DestCityName__Great Falls, MT",2.6308205115612354e-05,4.8074992962968665e-05
590,RandomForest_MDI,"DestCityName__Green Bay, WI",0.00023407626447122503,0.0001537810649105857
591,RandomForest_MDI,"DestCityName__Greensboro/High Point, NC",0.0005935122802763137,0.0002533306527099089
592,RandomForest_MDI,"DestCityName__Greenville, NC",2.8809919082490657e-05,5.1476211724884884e-05
593,RandomForest_MDI,"DestCityName__Greer, SC",0.0004264681366116507,0.00023374133359466023
594,RandomForest_MDI,"DestCityName__Guam, TT",1.882305048531714e-05,4.764581323418294e-05
595,RandomForest_MDI,"DestCityName__Gulfport/Biloxi, MS",0.0001338154599996309,0.00012160853666659404
596,RandomForest_MDI,"DestCityName__Gunnison, CO",2.6281929424070778e-05,4.881872530998186e-05
597,RandomForest_MDI,"DestCityName__Gustavus, AK",3.6335358756653186e-05,6.664896827604625e-05
598,RandomForest_MDI,"DestCityName__Hagerstown, MD",1.5338356113580363e-06,9.171129447990612e-06
599,RandomForest_MDI,"DestCityName__Hancock/Houghton, MI",6.195687581034738e-05,7.671730464630843e-05
600,RandomForest_MDI,"DestCityName__Harlingen/San Benito, TX",8.24744217200775e-05,0.00010244755815902885
601,RandomForest_MDI,"DestCityName__Harrisburg, PA",0.00040098037198492154,0.00022208222617599725
602,RandomForest_MDI,"DestCityName__Hartford, CT",0.0005452197574981771,0.0002499247157697596
603,RandomForest_MDI,"DestCityName__Hattiesburg/Laurel, MS",3.9553236998465146e-07,2.6106564368711363e-06
604,RandomForest_MDI,"DestCityName__Hayden, CO",9.777999320961086e-05,0.00010900120562652932
605,RandomForest_MDI,"DestCityName__Hays, KS",6.137716657917551e-05,8.211200779261528e-05
606,RandomForest_MDI,"DestCityName__Helena, MT",2.6893210783543154e-06,1.0264110315764358e-05
607,RandomForest_MDI,"DestCityName__Hibbing, MN",8.121005232149752e-07,3.619887555769355e-06
608,RandomForest_MDI,"DestCityName__Hilo, HI",0.0001022530115909023,0.00011319898153005589
609,RandomForest_MDI,"DestCityName__Hilton Head, SC",7.533439659407184e-05,9.162623096665827e-05
610,RandomForest_MDI,"DestCityName__Hobbs, NM",1.3862897152102694e-06,9.005578643189804e-06
611,RandomForest_MDI,"DestCityName__Honolulu, HI",0.0004208957311748937,0.00021312890239806682
612,RandomForest_MDI,"DestCityName__Hoolehua, HI",7.885277350048098e-06,2.185275359331271e-05
613,RandomForest_MDI,"DestCityName__Houston, TX",0.0028822438315715348,0.0006384784141236248
614,RandomForest_MDI,"DestCityName__Huntsville, AL",0.00018063126309373793,0.00014810264546436178
615,RandomForest_MDI,"DestCityName__Hyannis, MA",2.4841854899080443e-08,1.224525255412944e-07
616,RandomForest_MDI,"DestCityName__Idaho Falls, ID",9.439218445436526e-05,0.00011595749136945804
617,RandomForest_MDI,"DestCityName__Indianapolis, IN",0.0008894141298696629,0.0002910171704022402
618,RandomForest_MDI,"DestCityName__International Falls, MN",0.00013428623950722886,0.0001263055171102852
619,RandomForest_MDI,"DestCityName__Iron Mountain/Kingsfd, MI",3.2115765490769824e-06,1.4478301429904379e-05
620,RandomForest_MDI,"DestCityName__Islip, NY",0.00022426192878890151,0.00015488213844104694
621,RandomForest_MDI,"DestCityName__Ithaca/Cortland, NY",0.00017499591279183057,0.0001495400004016158
622,RandomForest_MDI,"DestCityName__Jackson, WY",8.794271386702011e-05,9.7894913609977e-05
623,RandomForest_MDI,"DestCityName__Jackson/Vicksburg, MS",0.0003354308016240532,0.00019775845327218275
624,RandomForest_MDI,"DestCityName__Jacksonville, FL",0.0008386724009412699,0.0003290067050424382
625,RandomForest_MDI,"DestCityName__Jacksonville/Camp Lejeune, NC",0.00014598575458309575,0.00011827762771135331
626,RandomForest_MDI,"DestCityName__Jamestown, ND",7.961984488683065e-05,0.00010622195454905555
627,RandomForest_MDI,"DestCityName__Johnstown, PA",5.068568119359024e-08,2.6437174452114904e-07
628,RandomForest_MDI,"DestCityName__Joplin, MO",3.6602170684655096e-05,6.690701014556421e-05
629,RandomForest_MDI,"DestCityName__Juneau, AK",4.3832507605869694e-05,5.295705901864811e-05
630,RandomForest_MDI,"DestCityName__Kahului, HI",0.0002759180165401855,0.0001744896132551669
631,RandomForest_MDI,"DestCityName__Kalamazoo, MI",6.567474464018459e-05,7.939096521041711e-05
632,RandomForest_MDI,"DestCityName__Kalispell, MT",0.0001478237951980595,0.00013388373289062748
633,RandomForest_MDI,"DestCityName__Kansas City, MO",0.0011058184327246972,0.0003747734614445849
634,RandomForest_MDI,"DestCityName__Kapalua, HI",0.00012992023795429305,0.00012875462022127185
635,RandomForest_MDI,"DestCityName__Kearney, NE",7.17275431893255e-05,9.065601447453894e-05
636,RandomForest_MDI,"DestCityName__Ketchikan, AK",2.2159032941985845e-05,5.190526276193297e-05
637,RandomForest_MDI,"DestCityName__Key West, FL",0.0001963453873629249,0.00015716317838867914
638,RandomForest_MDI,"DestCityName__Killeen, TX",0.00011325119615094154,0.00012174684425828108
639,RandomForest_MDI,"DestCityName__King Salmon, AK",7.996418160779293e-05,0.00011135387508585627
640,RandomForest_MDI,"DestCityName__Knoxville, TN",0.00041269036683071447,0.00021824397727370954
641,RandomForest_MDI,"DestCityName__Kodiak, AK",3.4590560902397004e-05,6.102383997792663e-05
642,RandomForest_MDI,"DestCityName__Kona, HI",9.946848237765048e-05,9.01888225122319e-05
643,RandomForest_MDI,"DestCityName__Kotzebue, AK",4.105517167963745e-06,1.8665970814438237e-05
644,RandomForest_MDI,"DestCityName__La Crosse, WI",2.5485666117294872e-05,5.544683384553812e-05
645,RandomForest_MDI,"DestCityName__Lafayette, LA",0.0003107354080394199,0.00018403169267712342
646,RandomForest_MDI,"DestCityName__Lake Charles, LA",0.00011402668162024211,9.847926966882124e-05
647,RandomForest_MDI,"DestCityName__Lanai, HI",3.059236502411299e-05,5.687266474712542e-05
648,RandomForest_MDI,"DestCityName__Lansing, MI",0.00016274948074435173,0.00014881518236860262
649,RandomForest_MDI,"DestCityName__Laramie, WY",0.00010656120865943193,0.00010419223653758419
650,RandomForest_MDI,"DestCityName__Laredo, TX",0.00013020948364537784,0.00010809593179886651
651,RandomForest_MDI,"DestCityName__Las Vegas, NV",0.0018530509342075151,0.0004425565992730768
652,RandomForest_MDI,"DestCityName__Latrobe, PA",3.20374931039835e-05,6.067861116185628e-05
653,RandomForest_MDI,"DestCityName__Lawton/Fort Sill, OK",8.119228163159433e-05,9.210203833481523e-05
654,RandomForest_MDI,"DestCityName__Lewisburg, WV",2.0181850144075127e-06,1.2167848016316233e-05
655,RandomForest_MDI,"DestCityName__Lewiston, ID",1.7234055613569334e-06,9.726498328633505e-06
656,RandomForest_MDI,"DestCityName__Lexington, KY",0.0004059342073026641,0.0002299975587545379
657,RandomForest_MDI,"DestCityName__Liberal, KS",8.813854342334555e-05,9.210784595532565e-05
658,RandomForest_MDI,"DestCityName__Lihue, HI",6.598915197449612e-05,6.686105212289898e-05
659,RandomForest_MDI,"DestCityName__Lincoln, NE",0.0001438129441334985,0.00012811502663530246
660,RandomForest_MDI,"DestCityName__Little Rock, AR",0.0003058386806123402,0.00017156424284001134
661,RandomForest_MDI,"DestCityName__Long Beach, CA",0.00024653918029149847,0.0001528592229543338
662,RandomForest_MDI,"DestCityName__Longview, TX",7.36053733078964e-05,8.737105453494672e-05
663,RandomForest_MDI,"DestCityName__Los Angeles, CA",0.002432987342017605,0.0005692303245724972
664,RandomForest_MDI,"DestCityName__Louisville, KY",0.0006334312188419822,0.0002676041268400826
665,RandomForest_MDI,"DestCityName__Lubbock, TX",0.0003361143465808761,0.00018109530159570087
666,RandomForest_MDI,"DestCityName__Lynchburg, VA",4.746874005953165e-05,6.980220401944399e-05
667,RandomForest_MDI,"DestCityName__Madison, WI",0.00035803419620780637,0.0002006526282797887
668,RandomForest_MDI,"DestCityName__Mammoth Lakes, CA",0.00022131334749669247,0.00018800395881674156
669,RandomForest_MDI,"DestCityName__Manchester, NH",0.0003051797159284262,0.00017609132729049675
670,RandomForest_MDI,"DestCityName__Manhattan/Ft. Riley, KS",0.0001170936548293385,0.00013731719636493457
671,RandomForest_MDI,"DestCityName__Marquette, MI",5.0267073690217704e-05,7.210219582699578e-05
672,RandomForest_MDI,"DestCityName__Martha's Vineyard, MA",2.3086780385436795e-05,3.969616259010889e-05
673,RandomForest_MDI,"DestCityName__Mason City, IA",4.008150889231333e-07,3.206325161033206e-06
674,RandomForest_MDI,"DestCityName__Medford, OR",0.0002439007362238604,0.0001468848932111951
675,RandomForest_MDI,"DestCityName__Melbourne, FL",8.019647381985038e-05,9.358141217209899e-05
676,RandomForest_MDI,"DestCityName__Memphis, TN",0.0007329755997006659,0.00032865298371920275
677,RandomForest_MDI,"DestCityName__Meridian, MS",0.00011499647896714369,0.0001345973355590864
678,RandomForest_MDI,"DestCityName__Miami, FL",0.0013188900522198566,0.0003749062742475524
679,RandomForest_MDI,"DestCityName__Midland/Odessa, TX",0.0004146770703260964,0.0002018073967793784
680,RandomForest_MDI,"DestCityName__Milwaukee, WI",0.0006938091615748984,0.00030108869993799914
681,RandomForest_MDI,"DestCityName__Minneapolis, MN",0.0011663643862593325,0.00047049464559765944
682,RandomForest_MDI,"DestCityName__Minot, ND",6.716115062009568e-05,8.53509271657343e-05
683,RandomForest_MDI,"DestCityName__Mission/McAllen/Edinburg, TX",0.0001878440175394218,0.00014041417931571088
684,RandomForest_MDI,"DestCityName__Missoula, MT",8.554354206549506e-05,9.605512524430547e-05
685,RandomForest_MDI,"DestCityName__Moab, UT",3.912852634012685e-05,7.428271007235332e-05
686,RandomForest_MDI,"DestCityName__Mobile, AL",0.0002509492466296535,0.00016561257823850456
687,RandomForest_MDI,"DestCityName__Moline, IL",0.00028568461697903364,0.0001760572604979588
688,RandomForest_MDI,"DestCityName__Monroe, LA",5.821083962109406e-05,7.934926397277712e-05
689,RandomForest_MDI,"DestCityName__Monterey, CA",0.000177622615920605,0.00013604467964350889
690,RandomForest_MDI,"DestCityName__Montgomery, AL",9.577845248116028e-05,9.932364035996019e-05
691,RandomForest_MDI,"DestCityName__Montrose/Delta, CO",0.00012922576344033242,0.00012380111317692363
692,RandomForest_MDI,"DestCityName__Mosinee, WI",0.00013153700820841183,0.00011450375350271408
693,RandomForest_MDI,"DestCityName__Muskegon, MI",0.000105406206505246,0.00011499458139980118
694,RandomForest_MDI,"DestCityName__Myrtle Beach, SC",0.00040974411953119915,0.00023667162965475657
695,RandomForest_MDI,"DestCityName__Nantucket, MA",6.774787133663231e-06,1.6690389572310857e-05
696,RandomForest_MDI,"DestCityName__Nashville, TN",0.0014974862534376495,0.0004175201902436792
697,RandomForest_MDI,"DestCityName__New Bern/Morehead/Beaufort, NC",0.00018455394227594556,0.00014973837574426316
698,RandomForest_MDI,"DestCityName__New Haven, CT",4.609041165592019e-05,7.556998360181418e-05
699,RandomForest_MDI,"DestCityName__New Orleans, LA",0.0011137561519208806,0.00044363478601832886
700,RandomForest_MDI,"DestCityName__New York, NY",0.002720800674429401,0.0006500670556283595
701,RandomForest_MDI,"DestCityName__Newark, NJ",0.0017529833925985223,0.0005176911393766928
702,RandomForest_MDI,"DestCityName__Newburgh/Poughkeepsie, NY",5.4143129747945576e-05,8.104245507430537e-05
703,RandomForest_MDI,"DestCityName__Newport News/Williamsburg, VA",4.445892348525318e-05,5.19923130873481e-05
704,RandomForest_MDI,"DestCityName__Niagara Falls, NY",3.677840885038765e-05,6.939193842892059e-05
705,RandomForest_MDI,"DestCityName__Nome, AK",3.0008906355734133e-06,1.0943090838815543e-05
706,RandomForest_MDI,"DestCityName__Norfolk, VA",0.0007720243527671082,0.0002897369603851273
707,RandomForest_MDI,"DestCityName__North Bend/Coos Bay, OR",5.763074731666341e-05,8.840676986139231e-05
708,RandomForest_MDI,"DestCityName__North Platte, NE",9.122744505120334e-07,5.343971057289348e-06
709,RandomForest_MDI,"DestCityName__Oakland, CA",0.0009284953507750439,0.0003156924685109806
710,RandomForest_MDI,"DestCityName__Ogden, UT",2.250214516518136e-05,5.480416880514229e-05
711,RandomForest_MDI,"DestCityName__Ogdensburg, NY",3.6640508799649224e-05,5.542078861699329e-05
712,RandomForest_MDI,"DestCityName__Oklahoma City, OK",0.0004050565710432144,0.0002341569768755719
713,RandomForest_MDI,"DestCityName__Omaha, NE",0.0005610803081102756,0.0002702573144305173
714,RandomForest_MDI,"DestCityName__Ontario, CA",0.0006194320474145468,0.00026185564096132836
715,RandomForest_MDI,"DestCityName__Orlando, FL",0.0020024141258065315,0.0004268281346075505
716,RandomForest_MDI,"DestCityName__Owensboro, KY",7.302800680024569e-05,0.00010586756669253327
717,RandomForest_MDI,"DestCityName__Paducah, KY",0.00010814563083116003,0.00012053535738930203
718,RandomForest_MDI,"DestCityName__Pago Pago, TT",2.725871935424088e-08,2.1667437336849785e-07
719,RandomForest_MDI,"DestCityName__Palm Springs, CA",0.0003035256097150588,0.00017787295525477348
720,RandomForest_MDI,"DestCityName__Panama City, FL",0.0002022762674412801,0.00014583910911823358
721,RandomForest_MDI,"DestCityName__Pasco/Kennewick/Richland, WA",0.00025641501578014956,0.00017548532190420337
722,RandomForest_MDI,"DestCityName__Pellston, MI",7.448420621093182e-05,9.729503348564283e-05
723,RandomForest_MDI,"DestCityName__Pensacola, FL",0.00048328335133237507,0.00023813342691810391
724,RandomForest_MDI,"DestCityName__Peoria, IL",0.00023912957143483219,0.0001628160841199687
725,RandomForest_MDI,"DestCityName__Petersburg, AK",1.000855135255866e-05,2.4677487418043956e-05
726,RandomForest_MDI,"DestCityName__Philadelphia, PA",0.0017315772913620974,0.00042807177960353497
727,RandomForest_MDI,"DestCityName__Phoenix, AZ",0.0019835219278816693,0.0004595829365169897
728,RandomForest_MDI,"DestCityName__Pierre, SD",5.406819212909103e-05,7.847122357819829e-05
729,RandomForest_MDI,"DestCityName__Pittsburgh, PA",0.0007425978527482614,0.0003059813821401925
730,RandomForest_MDI,"DestCityName__Plattsburgh, NY",9.407621618990341e-06,2.5345429551882818e-05
731,RandomForest_MDI,"DestCityName__Pocatello, ID",3.0919842875181327e-06,1.6286928361136862e-05
732,RandomForest_MDI,"DestCityName__Ponce, PR",1.5854734196745295e-05,4.8607141535900456e-05
733,RandomForest_MDI,"DestCityName__Portland, ME",0.0002877288627517102,0.00017431359955305808
734,RandomForest_MDI,"DestCityName__Portland, OR",0.0008295374673613176,0.00027960429466325764
735,RandomForest_MDI,"DestCityName__Portsmouth, NH",3.114569787483823e-06,2.0594296424194902e-05
736,RandomForest_MDI,"DestCityName__Prescott, AZ",1.4121278888516503e-06,6.418680799601034e-06
737,RandomForest_MDI,"DestCityName__Presque Isle/Houlton, ME",2.9492308691788973e-05,5.353683683872267e-05
738,RandomForest_MDI,"DestCityName__Providence, RI",0.0005045817890835057,0.0002644785950910313
739,RandomForest_MDI,"DestCityName__Provo, UT",1.4140528821055043e-05,3.942586395054354e-05
740,RandomForest_MDI,"DestCityName__Pueblo, CO",2.6380777458896064e-06,1.1914891062068772e-05
741,RandomForest_MDI,"DestCityName__Pullman, WA",4.6492720654575926e-05,6.512542631214068e-05
742,RandomForest_MDI,"DestCityName__Punta Gorda, FL",0.00022065750170232587,0.00014381814612429738
743,RandomForest_MDI,"DestCityName__Quincy, IL",3.858364435865919e-05,6.307505679255409e-05
744,RandomForest_MDI,"DestCityName__Raleigh/Durham, NC",0.0012698779708052031,0.0003586198298897048
745,RandomForest_MDI,"DestCityName__Rapid City, SD",0.000142352245082513,0.00013880227124213977
746,RandomForest_MDI,"DestCityName__Redding, CA",7.168212617439555e-05,9.334008554932981e-05
747,RandomForest_MDI,"DestCityName__Reno, NV",0.00048310482316197737,0.00022583043826626833
748,RandomForest_MDI,"DestCityName__Rhinelander, WI",1.4936498040350697e-06,1.1531550614935765e-05
749,RandomForest_MDI,"DestCityName__Richmond, VA",0.0006065410806408225,0.00023680516027747964
750,RandomForest_MDI,"DestCityName__Riverton/Lander, WY",6.359275604151878e-05,9.150425816573563e-05
751,RandomForest_MDI,"DestCityName__Roanoke, VA",0.0002908454224786572,0.00018703152327011763
752,RandomForest_MDI,"DestCityName__Rochester, MN",0.00016618331762610392,0.00011754708757319123
753,RandomForest_MDI,"DestCityName__Rochester, NY",0.0005864825610894681,0.0002772020399947608
754,RandomForest_MDI,"DestCityName__Rock Springs, WY",2.519857957950877e-06,1.1363197862039618e-05
755,RandomForest_MDI,"DestCityName__Rockford, IL",3.276756121600778e-05,5.9341858777087955e-05
756,RandomForest_MDI,"DestCityName__Roswell, NM",4.648822223694151e-05,7.789814174950367e-05
757,RandomForest_MDI,"DestCityName__Rota, TT",5.344667560118067e-09,5.3178770778287636e-08
758,RandomForest_MDI,"DestCityName__Sacramento, CA",0.0009103940537391494,0.0003022243014419175
759,RandomForest_MDI,"DestCityName__Saginaw/Bay City/Midland, MI",0.00015055140129368162,0.0001354063727606067
760,RandomForest_MDI,"DestCityName__Saipan, TT",1.2055458132948308e-06,1.1184690736807461e-05
761,RandomForest_MDI,"DestCityName__Salina, KS",7.6150051143456255e-06,2.220272757842963e-05
762,RandomForest_MDI,"DestCityName__Salisbury, MD",4.00618011846282e-05,5.541813667466713e-05
763,RandomForest_MDI,"DestCityName__Salt Lake City, UT",0.0010640528196364661,0.00039916318628778344
764,RandomForest_MDI,"DestCityName__San Angelo, TX",5.6831740050584716e-05,6.536756322949134e-05
765,RandomForest_MDI,"DestCityName__San Antonio, TX",0.000885463570113639,0.0002861429020928972
766,RandomForest_MDI,"DestCityName__San Diego, CA",0.0014364425878428393,0.0003245531520729095
767,RandomForest_MDI,"DestCityName__San Francisco, CA",0.002141222301012277,0.0004742493513739571
768,RandomForest_MDI,"DestCityName__San Jose, CA",0.001313122259046676,0.00040468832675073107
769,RandomForest_MDI,"DestCityName__San Juan, PR",0.0003330029776710745,0.00019948936292716877
770,RandomForest_MDI,"DestCityName__San Luis Obispo, CA",7.453134211133252e-05,9.400688424773895e-05
771,RandomForest_MDI,"DestCityName__Sanford, FL",0.0003766584243732208,0.00026961130158952007
772,RandomForest_MDI,"DestCityName__Santa Ana, CA",0.0007225488231752934,0.00029365228347149474
773,RandomForest_MDI,"DestCityName__Santa Barbara, CA",0.00018044534492993932,0.00011339157788770008
774,RandomForest_MDI,"DestCityName__Santa Fe, NM",5.681055782117701e-05,7.274761851276097e-05
775,RandomForest_MDI,"DestCityName__Santa Maria, CA",6.483540322191605e-05,8.33897780253228e-05
776,RandomForest_MDI,"DestCityName__Santa Rosa, CA",0.00023950767766833187,0.00016127803686273533
777,RandomForest_MDI,"DestCityName__Sarasota/Bradenton, FL",0.00032341451451120264,0.00019932078445511234
778,RandomForest_MDI,"DestCityName__Sault Ste. Marie, MI",4.591695381387106e-05,6.610658035712247e-05
779,RandomForest_MDI,"DestCityName__Savannah, GA",0.0006340220269312689,0.0003503184025981272
780,RandomForest_MDI,"DestCityName__Scottsbluff, NE",6.300811374373548e-05,9.764130989186596e-05
781,RandomForest_MDI,"DestCityName__Scranton/Wilkes-Barre, PA",0.00021315020668813292,0.00014985175934374213
782,RandomForest_MDI,"DestCityName__Seattle, WA",0.0015712444740280354,0.00044052816458400857
783,RandomForest_MDI,"DestCityName__Sheridan, WY",4.603623898215784e-05,7.757856028934096e-05
784,RandomForest_MDI,"DestCityName__Shreveport, LA",0.00012328902150942074,0.00011331827595195797
785,RandomForest_MDI,"DestCityName__Sioux City, IA",4.6613120041511795e-05,7.904474991865893e-05
786,RandomForest_MDI,"DestCityName__Sioux Falls, SD",0.00030877745847880574,0.0002030423268382619
787,RandomForest_MDI,"DestCityName__Sitka, AK",7.331210335026813e-06,2.7517074582538785e-05
788,RandomForest_MDI,"DestCityName__South Bend, IN",0.00014104453210187794,0.00011594002299825292
789,RandomForest_MDI,"DestCityName__Spokane, WA",0.00039338752960492267,0.00019830993311449125
790,RandomForest_MDI,"DestCityName__Springfield, IL",6.318244396278452e-05,9.702380607338459e-05
791,RandomForest_MDI,"DestCityName__Springfield, MO",0.00035372990090350533,0.00016516763853884634
792,RandomForest_MDI,"DestCityName__St. Cloud, MN",3.6081827692486366e-08,3.0166837891430094e-07
793,RandomForest_MDI,"DestCityName__St. George, UT",1.7175285519083298e-05,3.915566713818906e-05
794,RandomForest_MDI,"DestCityName__St. Louis, MO",0.0013868089287755404,0.00038895234551681137
795,RandomForest_MDI,"DestCityName__St. Petersburg, FL",0.0002465815602161177,0.00018193717024998597
796,RandomForest_MDI,"DestCityName__State College, PA",0.0002595832289173305,0.00015858537303116622
797,RandomForest_MDI,"DestCityName__Staunton, VA",7.626596777006785e-05,0.0001141988442812359
798,RandomForest_MDI,"DestCityName__Stillwater, OK",3.355349163170637e-06,1.0389285117149372e-05
799,RandomForest_MDI,"DestCityName__Stockton, CA",5.4170256307169124e-05,9.810012489125196e-05
800,RandomForest_MDI,"DestCityName__Sun Valley/Hailey/Ketchum, ID",3.97846003076338e-05,6.716502802725093e-05
801,RandomForest_MDI,"DestCityName__Syracuse, NY",0.0006074972629693806,0.00029911347799404446
802,RandomForest_MDI,"DestCityName__Tallahassee, FL",0.0002025930322981414,0.00013400238945007552
803,RandomForest_MDI,"DestCityName__Tampa, FL",0.0015763029112496037,0.00038387467146980075
804,RandomForest_MDI,"DestCityName__Texarkana, AR",0.00012046637871351454,0.0001125013058089813
805,RandomForest_MDI,"DestCityName__Toledo, OH",0.0001250065483910927,0.00010688020637581545
806,RandomForest_MDI,"DestCityName__Traverse City, MI",0.00012367421307334626,0.00011654671411058016
807,RandomForest_MDI,"DestCityName__Trenton, NJ",0.00012430136642489303,0.00014842390120652158
808,RandomForest_MDI,"DestCityName__Tucson, AZ",0.0002658514724580404,0.00014130875820536357
809,RandomForest_MDI,"DestCityName__Tulsa, OK",0.00027946637905722205,0.00015584213457653362
810,RandomForest_MDI,"DestCityName__Twin Falls, ID",4.3867247421106015e-05,7.160824709159958e-05
811,RandomForest_MDI,"DestCityName__Tyler, TX",7.103785733885237e-05,8.507578751915019e-05
812,RandomForest_MDI,"DestCityName__Unalaska, AK",0.00012132772501303844,0.00015100654558695452
813,RandomForest_MDI,"DestCityName__Valdosta, GA",1.4397531405264066e-06,6.536226363814178e-06
814,RandomForest_MDI,"DestCityName__Valparaiso, FL",0.00043928873627824386,0.0002215953155160451
815,RandomForest_MDI,"DestCityName__Vernal, UT",8.303833477771949e-05,0.00011617729056872579
816,RandomForest_MDI,"DestCityName__Victoria, TX",2.9507191069823247e-08,2.3739093418620604e-07
817,RandomForest_MDI,"DestCityName__Waco, TX",9.173204379973036e-05,9.823659713444405e-05
818,RandomForest_MDI,"DestCityName__Walla Walla, WA",6.4889566432683184e-06,2.1506281363194713e-05
819,RandomForest_MDI,"DestCityName__Washington, DC",0.0026661464529954874,0.0005538181270549964
820,RandomForest_MDI,"DestCityName__Waterloo, IA",8.282553771493594e-06,2.2865248310734335e-05
821,RandomForest_MDI,"DestCityName__Watertown, NY",6.147460303608644e-05,7.802378639569746e-05
822,RandomForest_MDI,"DestCityName__Watertown, SD",5.276454688001906e-06,2.2365515812131506e-05
823,RandomForest_MDI,"DestCityName__Wenatchee, WA",7.681023785180655e-05,9.557343864518735e-05
824,RandomForest_MDI,"DestCityName__West Palm Beach/Palm Beach, FL",0.0006473504594723323,0.00025629203922050573
825,RandomForest_MDI,"DestCityName__West Yellowstone, MT",3.081177815271325e-07,2.009891919255301e-06
826,RandomForest_MDI,"DestCityName__White Plains, NY",0.0004870510638589747,0.0002572857812457304
827,RandomForest_MDI,"DestCityName__Wichita Falls, TX",0.00022188436249740483,0.00017664943393535076
828,RandomForest_MDI,"DestCityName__Wichita, KS",0.000385039357593808,0.00020001918505154636
829,RandomForest_MDI,"DestCityName__Williamsport, PA",0.00010098946492502553,0.0001224234041863334
830,RandomForest_MDI,"DestCityName__Williston, ND",5.7412514122006956e-05,9.138577627266313e-05
831,RandomForest_MDI,"DestCityName__Wilmington, DE",0.0,0.0
832,RandomForest_MDI,"DestCityName__Wilmington, NC",0.0004551626061150023,0.0002476436943181633
833,RandomForest_MDI,"DestCityName__Worcester, MA",2.955113714689472e-05,6.552944696355241e-05
834,RandomForest_MDI,"DestCityName__Wrangell, AK",3.27151581693827e-05,5.9373761035236514e-05
835,RandomForest_MDI,"DestCityName__Yakima, WA",0.00014334672143445586,0.00011559428015897435
836,RandomForest_MDI,"DestCityName__Yakutat, AK",8.11533371403199e-05,8.647758284531011e-05
837,RandomForest_MDI,"DestCityName__Yuma, AZ",6.366336727515548e-05,8.952447896720573e-05
838,RandomForest_MDI,DestStateName__Alabama,0.0006443663528693211,0.00029459387015176445
839,RandomForest_MDI,DestStateName__Alaska,0.00024308600484742685,0.00016398571287875812
840,RandomForest_MDI,DestStateName__Arizona,0.002081966770102209,0.0004472169285889286
841,RandomForest_MDI,DestStateName__Arkansas,0.0005748546502075417,0.00024958860961061743
842,RandomForest_MDI,DestStateName__California,0.004276845376720664,0.0007560532179126175
843,RandomForest_MDI,DestStateName__Colorado,0.0030807237487987865,0.0005671402948748376
844,RandomForest_MDI,DestStateName__Connecticut,0.0005201291367965479,0.00023648369397757523
845,RandomForest_MDI,DestStateName__Delaware,0.0,0.0
846,RandomForest_MDI,DestStateName__Florida,0.0041723829346945645,0.000683634944551014
847,RandomForest_MDI,DestStateName__Georgia,0.0018135212964334928,0.0007360419893202252
848,RandomForest_MDI,DestStateName__Hawaii,0.0005026072546213229,0.00025362880869770786
849,RandomForest_MDI,DestStateName__Idaho,0.0002878727126295158,0.00019456522906735997
850,RandomForest_MDI,DestStateName__Illinois,0.0034860328958490673,0.0012227853124174577
851,RandomForest_MDI,DestStateName__Indiana,0.0009624142582946711,0.00028784769944435837
852,RandomForest_MDI,DestStateName__Iowa,0.0008132087176375797,0.00029892348593964295
853,RandomForest_MDI,DestStateName__Kansas,0.00042888340548645113,0.00023870952438905655
854,RandomForest_MDI,DestStateName__Kentucky,0.0012945811780819634,0.00038288577515154285
855,RandomForest_MDI,DestStateName__Louisiana,0.0012973718052706775,0.00040410503111876044
856,RandomForest_MDI,DestStateName__Maine,0.0003886425166055768,0.0002146948628540769
857,RandomForest_MDI,DestStateName__Maryland,0.0013895083558400861,0.0003786855844135901
858,RandomForest_MDI,DestStateName__Massachusetts,0.001511638421015722,0.00043267818734803724
859,RandomForest_MDI,DestStateName__Michigan,0.00165167550145497,0.0004971301228406337
860,RandomForest_MDI,DestStateName__Minnesota,0.0013731126355948694,0.0004907876236307084
861,RandomForest_MDI,DestStateName__Mississippi,0.00036493271061343886,0.0001895554839577919
862,RandomForest_MDI,DestStateName__Missouri,0.0019437275912317622,0.00048220178501806637
863,RandomForest_MDI,DestStateName__Montana,0.0003091015544385796,0.00016595461189505313
864,RandomForest_MDI,DestStateName__Nebraska,0.0006401956005822703,0.00023993642322215912
865,RandomForest_MDI,DestStateName__Nevada,0.0019529861404207433,0.0004817411417313939
866,RandomForest_MDI,DestStateName__New Hampshire,0.0003004686043546337,0.00015484021491018606
867,RandomForest_MDI,DestStateName__New Jersey,0.0018338783668055251,0.0005591668245356112
868,RandomForest_MDI,DestStateName__New Mexico,0.0005438006409816418,0.00025251639730181714
869,RandomForest_MDI,DestStateName__New York,0.0034346004078132175,0.0007568982168663851
870,RandomForest_MDI,DestStateName__North Carolina,0.0031135660593621622,0.0007542741491034638
871,RandomForest_MDI,DestStateName__North Dakota,0.00043530878694659553,0.0002403319061829796
872,RandomForest_MDI,DestStateName__Ohio,0.0016660029543134653,0.0004318800452474834
873,RandomForest_MDI,DestStateName__Oklahoma,0.0005443761132341853,0.0002178374759148349
874,RandomForest_MDI,DestStateName__Oregon,0.0009759403409505193,0.00033992330658100484
875,RandomForest_MDI,DestStateName__Pennsylvania,0.002366579599253376,0.0005287085244390232
876,RandomForest_MDI,DestStateName__Puerto Rico,0.00035204303612693295,0.0001805438898894038
877,RandomForest_MDI,DestStateName__Rhode Island,0.00043626279730656385,0.00023403816912716065
878,RandomForest_MDI,DestStateName__South Carolina,0.0010237841430361164,0.00034376067797215593
879,RandomForest_MDI,DestStateName__South Dakota,0.0003520385346834119,0.00017532648894679718
880,RandomForest_MDI,DestStateName__Tennessee,0.002033650158114689,0.000493911530905577
881,RandomForest_MDI,DestStateName__Texas,0.004967992872958452,0.0010012065828625424
882,RandomForest_MDI,DestStateName__U.S. Pacific Trust Territories and Possessions,1.9556026830869612e-05,5.491426747135425e-05
883,RandomForest_MDI,DestStateName__U.S. Virgin Islands,2.5907911298571104e-05,4.229628067293187e-05
884,RandomForest_MDI,DestStateName__Utah,0.0010930085277239562,0.00032523093758428633
885,RandomForest_MDI,DestStateName__Vermont,0.00018940986056161356,0.00014966258006870382
886,RandomForest_MDI,DestStateName__Virginia,0.0029383556679205705,0.0006140210428503306
887,RandomForest_MDI,DestStateName__Washington,0.0017502322878998552,0.00047734084676371636
888,RandomForest_MDI,DestStateName__West Virginia,0.000152993563889772,0.0001487361484414189
889,RandomForest_MDI,DestStateName__Wisconsin,0.0009727155457520718,0.0003191264782170334
890,RandomForest_MDI,DestStateName__Wyoming,0.00021798328388128872,0.00016272395597297781
891,RandomForest_MDI,Year__2018,0.010571580570930769,0.006166564834925234
892,RandomForest_MDI,Year__2019,0.011794734596824891,0.006266164167232021
893,RandomForest_MDI,Year__2020,0.036113991241768756,0.020817207461872926
894,RandomForest_MDI,Year__2021,0.01131967057055019,0.007210822254623577
895,RandomForest_MDI,Quarter__1,0.005973686616504682,0.004901020029556929
896,RandomForest_MDI,Quarter__2,0.010269458713665686,0.010583678256808029
897,RandomForest_MDI,Quarter__3,0.005616792147604222,0.003986717728929323
898,RandomForest_MDI,Quarter__4,0.004396308469737267,0.00273013941083182
899,RandomForest_MDI,Month__1,0.004953576805423765,0.0040963105084951094
900,RandomForest_MDI,Month__10,0.0023605604959503527,0.0013433544720264892
901,RandomForest_MDI,Month__11,0.002266822893738207,0.001257849429557369
902,RandomForest_MDI,Month__12,0.0025958991136975974,0.0012396478533093522
903,RandomForest_MDI,Month__2,0.004807759403181011,0.002325819962859724
904,RandomForest_MDI,Month__3,0.012165692782004198,0.004536454387714535
905,RandomForest_MDI,Month__4,0.023842406155262393,0.017372970026673366
906,RandomForest_MDI,Month__5,0.004857685271297348,0.004203070259483775
907,RandomForest_MDI,Month__6,0.0061876306442121476,0.006090689777268387
908,RandomForest_MDI,Month__7,0.003389797603631558,0.0014595733184723664
909,RandomForest_MDI,Month__8,0.0037027517505453236,0.0018009893363951346
910,RandomForest_MDI,Month__9,0.0033712594101341607,0.001550614194413028
911,RandomForest_MDI,DayofMonth__1,0.005060913690891883,0.0011815583166073357
912,RandomForest_MDI,DayofMonth__10,0.004492925680582018,0.0009645429753491722
913,RandomForest_MDI,DayofMonth__11,0.005176742829434274,0.0008197604783233848
914,RandomForest_MDI,DayofMonth__12,0.0036521811768726615,0.0009156664384052592
915,RandomForest_MDI,DayofMonth__13,0.0043356153545482685,0.001025478880401405
916,RandomForest_MDI,DayofMonth__14,0.004529685749243577,0.0008622536052114533
917,RandomForest_MDI,DayofMonth__15,0.00505599891310703,0.0012558395489707392
918,RandomForest_MDI,DayofMonth__16,0.004545755655689088,0.0007957069740440612
919,RandomForest_MDI,DayofMonth__17,0.0046706367558674335,0.0008304961295706208
920,RandomForest_MDI,DayofMonth__18,0.004292580191641142,0.0008416959461833729
921,RandomForest_MDI,DayofMonth__19,0.004088431295455548,0.0008018774706031691
922,RandomForest_MDI,DayofMonth__2,0.005173247865860725,0.001099601006741795
923,RandomForest_MDI,DayofMonth__20,0.00435452521676838,0.0008475391369226916
924,RandomForest_MDI,DayofMonth__21,0.004673893559309955,0.0008004230719455887
925,RandomForest_MDI,DayofMonth__22,0.004630283620847425,0.000911037985484969
926,RandomForest_MDI,DayofMonth__23,0.004242561356354373,0.0008906986527330363
927,RandomForest_MDI,DayofMonth__24,0.00533220304945889,0.0013185773117069444
928,RandomForest_MDI,DayofMonth__25,0.005282496770127663,0.0015186559279977095
929,RandomForest_MDI,DayofMonth__26,0.006457250388281527,0.0018266509595889662
930,RandomForest_MDI,DayofMonth__27,0.005850122530912003,0.0017098196562798135
931,RandomForest_MDI,DayofMonth__28,0.005461598046651314,0.0013810811881872812
932,RandomForest_MDI,DayofMonth__29,0.005616786847049741,0.0017089938184607976
933,RandomForest_MDI,DayofMonth__3,0.004685790910373725,0.001001602389538163
934,RandomForest_MDI,DayofMonth__30,0.007255618947201369,0.002654758432045873
935,RandomForest_MDI,DayofMonth__31,0.005158136269089747,0.002458049328692465
936,RandomForest_MDI,DayofMonth__4,0.004162446197687911,0.0009192782466011461
937,RandomForest_MDI,DayofMonth__5,0.004118291647035786,0.0008172021597288156
938,RandomForest_MDI,DayofMonth__6,0.003896479329024729,0.0008738963337294682
939,RandomForest_MDI,DayofMonth__7,0.004974410849039558,0.0008066286182942848
940,RandomForest_MDI,DayofMonth__8,0.0041774983460668505,0.0007950970042328783
941,RandomForest_MDI,DayofMonth__9,0.004457502890656802,0.0008452120538410663
942,RandomForest_MDI,DayOfWeek__1,0.011459013897067463,0.0022646759328350933
943,RandomForest_MDI,DayOfWeek__2,0.011292542005067218,0.002168336569316754
944,RandomForest_MDI,DayOfWeek__3,0.011497204679084556,0.0018005673407553216
945,RandomForest_MDI,DayOfWeek__4,0.01170345697652556,0.0019177521227148981
946,RandomForest_MDI,DayOfWeek__5,0.011397632220562323,0.0019765712208244393
947,RandomForest_MDI,DayOfWeek__6,0.009299876240528355,0.0024519039560632013
948,RandomForest_MDI,DayOfWeek__7,0.011369056499562366,0.0020379951899869428
949,RandomForest_MDI,"DestCityName__Fort Leonard Wood, MO",0.0,0.0
950,RandomForest_MDI,Distance,0.05864066697805692,0.003016291805747223
951,RandomForest_MDI,CRSDepTime,0.08561582251968054,0.004675920683040359
